election_name,week,cumulative_donation_odds_small,non_cumulative_donation_odds_small,cumulative_donation_odds_medium,non_cumulative_donation_odds_medium,cumulative_donation_odds_large,non_cumulative_donation_odds_large
arizona-us-senate-election-winner,2024-W14,0.7112880992495022,0.7112880992495022,0.5804644146328323,0.5804644146328323,0.6795952628184309,0.6795952628184309
arizona-us-senate-election-winner,2024-W15,0.7499046892870759,0.7712136578769438,0.624681032643482,0.6451850648945074,0.7279009563666117,0.7479422833490537
arizona-us-senate-election-winner,2024-W16,0.7801231611358194,0.8311712209034869,0.6391039927473274,0.6639074791593284,0.7608066176164376,0.8177142896909441
arizona-us-senate-election-winner,2024-W17,0.7869374451548201,0.805631159080244,0.6479986416394119,0.674564033136705,0.7676612399104423,0.7864395493353884
arizona-us-senate-election-winner,2024-W18,0.779766973755516,0.755495204956293,0.6471231837083182,0.643979209617004,0.7677841143888574,0.7681337076959868
arizona-us-senate-election-winner,2024-W19,0.7825242411800006,0.7947485841771066,0.6577069633413906,0.7110696576904068,0.7809490265290223,0.8456868155518402
arizona-us-senate-election-winner,2024-W20,0.7683809626708443,0.6848535720947584,0.6534347633949911,0.6283607979184735,0.7796625659074077,0.7718463313422281
arizona-us-senate-election-winner,2024-W21,0.7791072947372101,0.8464997878659313,0.660279578566299,0.7071716532027618,0.7702249592736384,0.6990931615460853
arizona-us-senate-election-winner,2024-W22,0.7924902349500461,0.8639900404606287,0.6681718147834458,0.718491664262328,0.775746514294825,0.8143117190603995
arizona-us-senate-election-winner,2024-W23,0.8034325695779428,0.885487194583456,0.6838608560570335,0.835336617405583,0.776134001294252,0.7794928674862125
arizona-us-senate-election-winner,2024-W24,0.8136753747457853,0.9133181703310588,0.6951826658148548,0.8141353626943005,0.7797910521130246,0.8256051692820093
arizona-us-senate-election-winner,2024-W25,0.8280547329165295,0.9269398995626114,0.7062440596822779,0.7989736935236522,0.7829036459114315,0.8176890331669372
arizona-us-senate-election-winner,2024-W26,0.8119658593667678,0.7438227693737116,0.6787898055530727,0.5633235337662063,0.7707055290931256,0.7118169751734329
arizona-us-senate-election-winner,2024-W27,0.8133702108935474,0.8372839739352158,0.6869894234950612,0.8637458399019092,0.7722951103830433,0.8038100988274175
arizona-us-senate-election-winner,2024-W28,0.7957668666084793,0.658569445578509,0.6820261391458228,0.6284621831133459,0.7735816356875851,0.7899664589948581
arizona-us-senate-election-winner,2024-W29,0.767055279527405,0.6132690107922614,0.6694689270546654,0.5665623179965056,0.7723268953904286,0.7568640988625507
arizona-us-senate-election-winner,2024-W30,0.7601495158029158,0.7210050117532266,0.6721059117626808,0.6928870031821301,0.7732598390861386,0.782099941846696
arizona-us-senate-election-winner,2024-W31,0.7688997352566268,0.8085003913069653,0.6842090462243576,0.75366824323507,0.779083978507639,0.8203344673387982
arizona-us-senate-election-winner,2024-W32,0.7609211287676998,0.70357100904499,0.6795918433504894,0.636614258742544,0.7766258701247419,0.7442387717032573
arizona-us-senate-election-winner,2024-W33,0.754647553765818,0.6968615791212421,0.6719305421357029,0.5902043733357925,0.7677506999279746,0.6520014987037218
arizona-us-senate-election-winner,2024-W34,0.7620880201587614,0.8079053273299598,0.6782466432209746,0.7253516456796764,0.7699565577054912,0.7939238457145581
arizona-us-senate-election-winner,2024-W35,0.7612948523095222,0.7548570740082533,0.6782967026425056,0.6788101066776263,0.7685712261394121,0.7509374846709646
arizona-us-senate-election-winner,2024-W36,0.7514906849158068,0.6488113775563168,0.6696634526623354,0.5712611960553696,0.7624823264026472,0.6766416238867394
arizona-us-senate-election-winner,2024-W37,0.7529849791620379,0.7654463825345523,0.6660508911854952,0.6292498169423991,0.7592422066648615,0.7196926833368136
arizona-us-senate-election-winner,2024-W38,0.7584712917672044,0.8091224406071682,0.6657698521587359,0.6624879721885961,0.7548365940297045,0.6949876154340481
arizona-us-senate-election-winner,2024-W39,0.7602289565637493,0.7743889905742559,0.6580147938043992,0.5809031402061416,0.7485026966762157,0.6733390431200093
arizona-us-senate-election-winner,2024-W40,0.752553236617844,0.686348721008278,0.6530539257434652,0.5944641132925652,0.741433658482331,0.6354851081012132
arizona-us-senate-election-winner,2024-W41,0.7488077140251054,0.7162099513642456,0.6513441975242567,0.6279166169000429,0.737995404163084,0.6733227853133398
arizona-us-senate-election-winner,2024-W42,0.7376769748010539,0.6502527923145678,0.6484300005795527,0.6101029146044465,0.7322480957463084,0.6250205923097083
arizona-us-senate-election-winner,2024-W43,0.7294582117402677,0.6665762647910243,0.6430172682675523,0.5747374671921525,0.7244592474352247,0.5728039311128109
arizona-us-senate-election-winner,2024-W44,0.7212069219050874,0.6733864437975694,0.6396144512256596,0.6016960809937136,0.7207195553092868,0.6619679024907411
arizona-us-senate-election-winner,2024-W45,0.713259349218979,0.5190723699159282,0.6362078098144965,0.4605168351151876,0.7183562354923477,0.5480960663592886
florida-us-senate-election-winner,2024-W14,0.552833078101072,0.552833078101072,0.6768025963030901,0.6768025963030901,0.8624735296126784,0.8624735296126784
florida-us-senate-election-winner,2024-W15,0.5095346197502838,0.4840396753832281,0.6878221649484536,0.6956434651977967,0.7997373523124596,0.7796447011464076
florida-us-senate-election-winner,2024-W16,0.5252490315439956,0.5497697484945094,0.6597002041798775,0.6229068475303675,0.8009756230127456,0.8033369673413282
florida-us-senate-election-winner,2024-W17,0.5489163154726069,0.6113951789627465,0.7224050808956469,0.8674499865606881,0.8157812175236183,0.8541431951329428
florida-us-senate-election-winner,2024-W18,0.5866706853030931,0.7004991680532446,0.7556286964099874,0.8454787650838427,0.7623378592000692,0.6632479813275066
florida-us-senate-election-winner,2024-W19,0.5484808454425363,0.4137197553842063,0.7355432587658336,0.6664045434687637,0.7700591797767529,0.802935306113594
florida-us-senate-election-winner,2024-W20,0.5476406651275001,0.5412578055307761,0.7373927402471029,0.7539463646499619,0.7614635745412709,0.6982553288325875
florida-us-senate-election-winner,2024-W21,0.5598775475252612,0.6176650741149088,0.7456649910909592,0.7830419953101684,0.7694985450275679,0.8275660670809736
florida-us-senate-election-winner,2024-W22,0.5615317538358782,0.5722832892722972,0.7523441855047382,0.7938958815224249,0.7248012041670238,0.5022735666601802
florida-us-senate-election-winner,2024-W23,0.5840592334494773,0.7340911899172124,0.7687673755345281,0.873576340032389,0.735962532032921,0.8377304552171911
florida-us-senate-election-winner,2024-W24,0.5730591011172073,0.4915092083233676,0.7644996701542148,0.7312923266356971,0.7409473691080398,0.7904725088465313
florida-us-senate-election-winner,2024-W25,0.5745886339868416,0.5953344900713322,0.764820582577551,0.7683172442530731,0.7517134031444097,0.8806385223587031
florida-us-senate-election-winner,2024-W26,0.5853592100783112,0.6500914949478876,0.7792366012296621,0.858785818984263,0.7732866517867251,0.8551125275821563
florida-us-senate-election-winner,2024-W27,0.5869996403062535,0.6027188689505166,0.7745497311364853,0.7127448105060775,0.773429435703054,0.7756866734486266
florida-us-senate-election-winner,2024-W28,0.5902242581832177,0.6242411101474414,0.7783681450118966,0.8309908198797088,0.7760289054325008,0.8307423745606378
florida-us-senate-election-winner,2024-W29,0.6008933954973547,0.7021560940841055,0.7874180556780433,0.8849794523710579,0.7840985952070562,0.8568018019465392
florida-us-senate-election-winner,2024-W30,0.6129604477002665,0.696643109540636,0.7930397800758888,0.8500656037533298,0.779625281813324,0.7320203607543044
florida-us-senate-election-winner,2024-W31,0.6359765563123713,0.7702667590507535,0.8046719044596171,0.8963364916917367,0.7823000064168072,0.8073754143684406
florida-us-senate-election-winner,2024-W32,0.6579198236671718,0.8043551797040169,0.8094538479734833,0.8525729783741346,0.7730423992967044,0.6677612831438109
florida-us-senate-election-winner,2024-W33,0.6789769712405815,0.8269133986295536,0.8217288347509804,0.9173763865910124,0.7808487843094288,0.8635000670926187
florida-us-senate-election-winner,2024-W34,0.6903526466471293,0.7712169529883757,0.8320670225188396,0.9059350099713944,0.7923738784878394,0.9018132989352816
florida-us-senate-election-winner,2024-W35,0.7130158163872042,0.8773107697967443,0.8451378826559949,0.928886806649914,0.7936079932603758,0.8037745995442331
florida-us-senate-election-winner,2024-W36,0.7229009047321815,0.8411738550466874,0.8561017468953717,0.9461190448090012,0.8072809619297118,0.9372600325194363
florida-us-senate-election-winner,2024-W37,0.7318260042080806,0.8129343930185445,0.8656680181240263,0.9307144060363506,0.8200574112234492,0.9139395372839082
florida-us-senate-election-winner,2024-W38,0.739657502245176,0.8147172046194847,0.8740543575127296,0.934733642996476,0.831117345358911,0.9235342225963354
florida-us-senate-election-winner,2024-W39,0.7506713922028653,0.8417424295000809,0.8842680422867422,0.9494165372865228,0.844382753722597,0.9420800834284736
florida-us-senate-election-winner,2024-W40,0.7745257565498203,0.8950261615079115,0.8939277252926202,0.9564186444771337,0.8469988171402423,0.8648161090777559
florida-us-senate-election-winner,2024-W41,0.7884602678178134,0.8915573505156228,0.8978791540404382,0.9430970881406484,0.8505318955296617,0.910230288843317
florida-us-senate-election-winner,2024-W42,0.8043972967643183,0.8966840259326178,0.9010614598891156,0.9369521806070028,0.8479441751665845,0.8101160750073122
florida-us-senate-election-winner,2024-W43,0.8229165989692665,0.9136462271022948,0.9033417597182476,0.9276688741721856,0.8508087794916103,0.898819358166772
florida-us-senate-election-winner,2024-W44,0.8406187485512843,0.9372543176238524,0.9062395057221247,0.9398699296952876,0.8515978063145843,0.8664735390481831
florida-us-senate-election-winner,2024-W45,0.8427369813817219,0.8886455084402752,0.9056459933997902,0.8777674144617348,0.8524036470963098,0.9016800015203632
hawaii-us-senate-election-winner,2024-W18,1.0,1.0,,,,
hawaii-us-senate-election-winner,2024-W22,,,1.0,1.0,,
hawaii-us-senate-election-winner,2024-W23,,,,,1.0,1.0
hawaii-us-senate-election-winner,2024-W25,1.0,1.0,1.0,1.0,,
hawaii-us-senate-election-winner,2024-W26,,,1.0,1.0,1.0,1.0
hawaii-us-senate-election-winner,2024-W27,1.0,1.0,1.0,1.0,,
hawaii-us-senate-election-winner,2024-W28,1.0,1.0,,,1.0,1.0
hawaii-us-senate-election-winner,2024-W29,1.0,1.0,1.0,1.0,1.0,1.0
hawaii-us-senate-election-winner,2024-W30,1.0,1.0,1.0,1.0,1.0,1.0
hawaii-us-senate-election-winner,2024-W31,1.0,1.0,1.0,1.0,1.0,1.0
hawaii-us-senate-election-winner,2024-W32,1.0,1.0,,,,
hawaii-us-senate-election-winner,2024-W34,1.0,1.0,,,,
hawaii-us-senate-election-winner,2024-W35,1.0,1.0,,,,
hawaii-us-senate-election-winner,2024-W36,1.0,1.0,,,1.0,1.0
hawaii-us-senate-election-winner,2024-W38,1.0,1.0,1.0,1.0,1.0,1.0
hawaii-us-senate-election-winner,2024-W39,1.0,1.0,,,,
hawaii-us-senate-election-winner,2024-W40,1.0,1.0,,,,
hawaii-us-senate-election-winner,2024-W41,,,,,1.0,1.0
hawaii-us-senate-election-winner,2024-W42,,,1.0,1.0,,
hawaii-us-senate-election-winner,2024-W43,1.0,1.0,,,,
hawaii-us-senate-election-winner,2024-W44,1.0,1.0,,,,
hawaii-us-senate-election-winner,2024-W45,1.0,1.0,,,,
maryland-us-senate-election-winner,2024-W14,0.651657060518732,0.651657060518732,0.3596338273757629,0.3596338273757629,0.4995796167264223,0.4995796167264223
maryland-us-senate-election-winner,2024-W15,0.6454159592529711,0.6398522800256904,0.4503243427791055,0.5237927076895913,0.5607091861018563,0.6032641967667499
maryland-us-senate-election-winner,2024-W16,0.6711123408965135,0.7192368839427663,0.4758068905459097,0.5079726651480638,0.4937868891890392,0.4352731056008323
maryland-us-senate-election-winner,2024-W17,0.6551869123155722,0.6196243203163618,0.541959487391484,0.6706368111799269,0.4307677291474793,0.2990922657017157
maryland-us-senate-election-winner,2024-W18,0.626787686175227,0.559040758639555,0.5052619494087482,0.4155387590086131,0.4455783799988758,0.518850987432675
maryland-us-senate-election-winner,2024-W19,0.6708122277627767,0.7909318048206937,0.5328709026093845,0.6190381399792977,0.4264879359108589,0.3665195212870316
maryland-us-senate-election-winner,2024-W20,0.7652677023639957,0.8855887521968365,0.6413828604598948,0.7833898047941742,0.5072258575271082,0.6753970185779696
maryland-us-senate-election-winner,2024-W21,0.7655439642324888,0.7680253892690667,0.6572102630368173,0.7904050877920642,0.4980466226048652,0.4321889233360125
maryland-us-senate-election-winner,2024-W22,0.7455178260675561,0.5687856203419552,0.6229045697601943,0.4457252641690682,0.4919886152428297,0.4270565681708688
maryland-us-senate-election-winner,2024-W23,0.7423037211415355,0.702330743618202,0.6285358503356249,0.6783460282916213,0.4997828349270553,0.5858759307088998
maryland-us-senate-election-winner,2024-W24,0.7317482033857534,0.6249268578115857,0.5984644400939447,0.3688932639572493,0.4946287060112362,0.4311048298493304
maryland-us-senate-election-winner,2024-W25,0.7341915366254121,0.7614455810833473,0.6134474094145593,0.7770820733572877,0.5106703616318709,0.7266538534896345
maryland-us-senate-election-winner,2024-W26,0.7116878391898857,0.548269124793347,0.6003868903686619,0.536136353626848,0.5181859090773423,0.5603699247321215
maryland-us-senate-election-winner,2024-W27,0.7253894439240016,0.8946225284601558,0.6090550541725634,0.7347114866079454,0.5267201907142806,0.8205034478670644
maryland-us-senate-election-winner,2024-W28,0.7310373083732886,0.7686701054047993,0.6416267017793938,0.8554587547215792,0.5420189538911119,0.8446701571836053
maryland-us-senate-election-winner,2024-W29,0.7554204235688824,0.9049627568877322,0.6700256907670529,0.8568420216147489,0.5517720275073802,0.7052278081299183
maryland-us-senate-election-winner,2024-W30,0.7685764020805846,0.8299859055673009,0.6744295280997392,0.7000274281534757,0.5630623334606351,0.689194012537087
maryland-us-senate-election-winner,2024-W31,0.7775100328568484,0.841563072656134,0.6968084338693065,0.8607651634329663,0.5787013763973184,0.7605151014755234
maryland-us-senate-election-winner,2024-W32,0.7902175497707871,0.8937799515834198,0.7207321085349171,0.8958885686839577,0.5929495472828531,0.8216847395406487
maryland-us-senate-election-winner,2024-W33,0.7908601424243009,0.7962526621052155,0.729618472555023,0.8013113044126139,0.6017869947640516,0.7574090716761025
maryland-us-senate-election-winner,2024-W34,0.8106060141868308,0.9196382188003676,0.7504774214995279,0.879475599763715,0.6180460640980077,0.8235379335732013
maryland-us-senate-election-winner,2024-W35,0.8063286864241547,0.7816394138382279,0.7552788474173123,0.7804270413195586,0.628502521918759,0.7339765545684165
maryland-us-senate-election-winner,2024-W36,0.7966316197878096,0.7224390308874652,0.7559327222951838,0.7609634342765105,0.6365445417773454,0.7289415293772877
maryland-us-senate-election-winner,2024-W37,0.8065558633425669,0.8889158627739091,0.7690278054892932,0.8816744280676372,0.6505098220378795,0.8246189739005299
maryland-us-senate-election-winner,2024-W38,0.8090823778302343,0.8360326556934938,0.773895783282601,0.8221091349993296,0.6572985913476055,0.7565069944891903
maryland-us-senate-election-winner,2024-W39,0.8138274090905434,0.8648232657359652,0.7816193460485212,0.8520870523738453,0.6632500128756568,0.7411688848474829
maryland-us-senate-election-winner,2024-W40,0.8187174319117111,0.8649868412467103,0.7842574356278853,0.818933689656701,0.664586545993466,0.6825022645497321
maryland-us-senate-election-winner,2024-W41,0.8145225319917835,0.7740589969318387,0.7804607410171012,0.724659138766056,0.6629648880557029,0.6293971155193376
maryland-us-senate-election-winner,2024-W42,0.8159368984686214,0.8313764599440697,0.7809413804443962,0.7904955544259918,0.6672365114463802,0.7608978603886466
maryland-us-senate-election-winner,2024-W43,0.8152517484851229,0.8072705709719891,0.7796768590371848,0.7522926264293802,0.6687204116174629,0.7148662419198474
maryland-us-senate-election-winner,2024-W44,0.815722853770791,0.8211612548156302,0.7773523600887805,0.7259702147037493,0.6702290146148031,0.7145473255111847
maryland-us-senate-election-winner,2024-W45,0.8149991632496367,0.7750171696360038,0.7757702138914926,0.6192075703398707,0.669343624711416,0.55970045763417
michigan-us-senate-election-winner,2024-W14,1.0,1.0,1.0,1.0,1.0,1.0
michigan-us-senate-election-winner,2024-W15,1.0,1.0,1.0,1.0,1.0,1.0
michigan-us-senate-election-winner,2024-W16,1.0,1.0,1.0,1.0,1.0,1.0
michigan-us-senate-election-winner,2024-W17,1.0,1.0,1.0,1.0,1.0,1.0
michigan-us-senate-election-winner,2024-W18,1.0,1.0,1.0,1.0,1.0,1.0
michigan-us-senate-election-winner,2024-W19,1.0,1.0,1.0,1.0,1.0,1.0
michigan-us-senate-election-winner,2024-W20,1.0,1.0,1.0,1.0,1.0,1.0
michigan-us-senate-election-winner,2024-W21,1.0,1.0,1.0,1.0,1.0,1.0
michigan-us-senate-election-winner,2024-W22,1.0,1.0,1.0,1.0,1.0,1.0
michigan-us-senate-election-winner,2024-W23,1.0,1.0,1.0,1.0,1.0,1.0
michigan-us-senate-election-winner,2024-W24,1.0,1.0,1.0,1.0,1.0,1.0
michigan-us-senate-election-winner,2024-W25,1.0,1.0,1.0,1.0,1.0,1.0
michigan-us-senate-election-winner,2024-W26,1.0,1.0,1.0,1.0,1.0,1.0
michigan-us-senate-election-winner,2024-W27,1.0,1.0,1.0,1.0,1.0,1.0
michigan-us-senate-election-winner,2024-W28,1.0,1.0,1.0,1.0,1.0,1.0
michigan-us-senate-election-winner,2024-W29,1.0,1.0,1.0,1.0,1.0,1.0
michigan-us-senate-election-winner,2024-W30,1.0,1.0,1.0,1.0,1.0,1.0
michigan-us-senate-election-winner,2024-W31,1.0,1.0,1.0,1.0,1.0,1.0
michigan-us-senate-election-winner,2024-W32,1.0,1.0,1.0,1.0,1.0,1.0
michigan-us-senate-election-winner,2024-W33,1.0,1.0,1.0,1.0,1.0,1.0
michigan-us-senate-election-winner,2024-W34,1.0,1.0,1.0,1.0,1.0,1.0
michigan-us-senate-election-winner,2024-W35,1.0,1.0,1.0,1.0,1.0,1.0
michigan-us-senate-election-winner,2024-W36,1.0,1.0,1.0,1.0,1.0,1.0
michigan-us-senate-election-winner,2024-W37,1.0,1.0,1.0,1.0,1.0,1.0
michigan-us-senate-election-winner,2024-W38,1.0,1.0,1.0,1.0,1.0,1.0
michigan-us-senate-election-winner,2024-W39,1.0,1.0,1.0,1.0,1.0,1.0
michigan-us-senate-election-winner,2024-W40,1.0,1.0,1.0,1.0,1.0,1.0
michigan-us-senate-election-winner,2024-W41,1.0,1.0,1.0,1.0,1.0,1.0
michigan-us-senate-election-winner,2024-W42,1.0,1.0,1.0,1.0,1.0,1.0
michigan-us-senate-election-winner,2024-W43,1.0,1.0,1.0,1.0,1.0,1.0
michigan-us-senate-election-winner,2024-W44,1.0,1.0,1.0,1.0,1.0,1.0
michigan-us-senate-election-winner,2024-W45,1.0,1.0,1.0,1.0,1.0,1.0
montana-us-senate-election-winner,2024-W14,0.835827664399093,0.835827664399093,0.8024292443648539,0.8024292443648539,0.6629911449812828,0.6629911449812828
montana-us-senate-election-winner,2024-W15,0.8216555572779414,0.8142958078191239,0.8132847484414786,0.8198231997561376,0.701631064762452,0.7219897793292148
montana-us-senate-election-winner,2024-W16,0.8614796762644041,0.8867469879518072,0.8078583548717361,0.8026605363125359,0.7430907010039208,0.792061657764289
montana-us-senate-election-winner,2024-W17,0.8398790346490621,0.7985134823692095,0.8089653831194088,0.8113078915872559,0.6284008136704253,0.4897067258863214
montana-us-senate-election-winner,2024-W18,0.8504873378539858,0.8789356514364465,0.8066179068617059,0.8003749676752004,0.654682540858824,0.7193794608762191
montana-us-senate-election-winner,2024-W19,0.8445490870810364,0.822707053590341,0.7952161442045138,0.7548336232464429,0.6671902521279645,0.7247036877656685
montana-us-senate-election-winner,2024-W20,0.8579273008507348,0.9000963356763121,0.8190629197503226,0.9124262397652616,0.6928977497794035,0.7869932092651392
montana-us-senate-election-winner,2024-W21,0.85613936902225,0.8470936046258858,0.822802036383486,0.8464723372328896,0.699318383290066,0.7459258260390185
montana-us-senate-election-winner,2024-W22,0.8518218430522126,0.8306941469751764,0.8275449293709487,0.8534941358248732,0.7091923178132675,0.7683080926060362
montana-us-senate-election-winner,2024-W23,0.8459317780924698,0.8163338622279436,0.8131989989924925,0.7515393622150286,0.7013730245189812,0.6659280191749904
montana-us-senate-election-winner,2024-W24,0.8349683049611005,0.7214792716798684,0.8089531562594859,0.7700795086650162,0.6988605724610486,0.6752080331583591
montana-us-senate-election-winner,2024-W25,0.8391688637590928,0.868928766331739,0.8118197659322198,0.8349572423187528,0.6930253405610615,0.6431840011244817
montana-us-senate-election-winner,2024-W26,0.8343598100349293,0.7994874895626386,0.8000345399406492,0.7231605368232741,0.6827992137962545,0.6212333233145934
montana-us-senate-election-winner,2024-W27,0.8323565744954667,0.8078857630008525,0.8019149815672479,0.8280998186946011,0.6860828798713947,0.7380112026164103
montana-us-senate-election-winner,2024-W28,0.8249693458674675,0.7419834051958404,0.7986118139058381,0.7591262958331653,0.6910423963175282,0.7604854896874264
montana-us-senate-election-winner,2024-W29,0.8212160691980176,0.784618938978254,0.7919136925675513,0.7416751817359063,0.697814709248476,0.7567272555119949
montana-us-senate-election-winner,2024-W30,0.8288773062665739,0.8814624972343094,0.8023373563449282,0.8664270600607322,0.7132343287277642,0.8257357684244476
montana-us-senate-election-winner,2024-W31,0.8365402410951384,0.8966316099139516,0.8093504058187879,0.8664173148851475,0.7196661043360554,0.7893052611639578
montana-us-senate-election-winner,2024-W32,0.8429048518654478,0.8823688689463097,0.8111528122707972,0.8230041653404924,0.7270079530863316,0.7920531463165971
montana-us-senate-election-winner,2024-W33,0.8408805267403253,0.8269692233857967,0.8123470847461292,0.8208360249697292,0.73337105797213,0.8009368261388784
montana-us-senate-election-winner,2024-W34,0.8411221317501414,0.8430576949568571,0.8105988873270895,0.7972613033092839,0.7335020555866024,0.7348785723654955
montana-us-senate-election-winner,2024-W35,0.8370403820931469,0.8047380229642339,0.8130308823177543,0.8325925968106097,0.7392216025544543,0.7959369553795066
montana-us-senate-election-winner,2024-W36,0.8358168899303863,0.826474855387862,0.8128579050131546,0.8115689062184748,0.7364590062944895,0.706561112808636
montana-us-senate-election-winner,2024-W37,0.8344698741539346,0.826127495692713,0.8107054942693913,0.7958270893814122,0.738158880726853,0.7545819534242145
montana-us-senate-election-winner,2024-W38,0.8319169175365492,0.819071609512647,0.8128964466486359,0.8267575922616079,0.7420500986885343,0.7778704296884492
montana-us-senate-election-winner,2024-W39,0.8391089462822718,0.8867885323650568,0.810913648759118,0.7958576212327918,0.7403146550707261,0.7243289063723869
montana-us-senate-election-winner,2024-W40,0.838826136486004,0.8374214144884797,0.812016814800079,0.8202603579749321,0.7329786705263542,0.6621545698433685
montana-us-senate-election-winner,2024-W41,0.8413235400623429,0.8563678512534952,0.8164022812954257,0.8571929483696065,0.7362032115210769,0.7877713871287432
montana-us-senate-election-winner,2024-W42,0.8445248989799187,0.8671801098662961,0.8178709547365504,0.8338228021516356,0.7356836848113119,0.7276512594049686
montana-us-senate-election-winner,2024-W43,0.8442927179991443,0.8424763193053885,0.8170286879132523,0.8053131891333928,0.7336662952192275,0.6950754281242768
montana-us-senate-election-winner,2024-W44,0.8488658657251246,0.8794560201264471,0.8170915016853563,0.8178895751833644,0.7320273034241535,0.7027821356533078
montana-us-senate-election-winner,2024-W45,0.8483248377564511,0.8281081213787685,0.8160467034049459,0.7351918578924078,0.7306355703218383,0.5634310952603081
nevada-us-senate-election-winner,2024-W14,0.9324124321657622,0.9324124321657622,0.8911250949332755,0.8911250949332755,0.8067989749741017,0.8067989749741017
nevada-us-senate-election-winner,2024-W15,0.9040710079371852,0.889077384836226,0.7927691494153822,0.7371954022988506,0.6251532567049809,0.5468721852800426
nevada-us-senate-election-winner,2024-W16,0.853431110679423,0.7865675005634438,0.783524990435898,0.7710432368107893,0.6259051071415086,0.6265874819611379
nevada-us-senate-election-winner,2024-W17,0.8533100125404264,0.8530532385954073,0.808861899374264,0.8637127615521399,0.6527562340106449,0.7171547150249359
nevada-us-senate-election-winner,2024-W18,0.7072027972027972,0.3557707572630576,0.6570261634192633,0.4047168363431728,0.6266023268687178,0.5421787170930664
nevada-us-senate-election-winner,2024-W19,0.752388462032164,0.9190234677211382,0.6878986862968081,0.8605126000752243,0.6430713309382976,0.7459957644768515
nevada-us-senate-election-winner,2024-W20,0.7506860680324207,0.7392852756969176,0.6988358698063122,0.7773292379698699,0.639000216782373,0.6083235350414262
nevada-us-senate-election-winner,2024-W21,0.6869972007162132,0.4469633193024654,0.646100304166372,0.4466395139574848,0.5997685471158535,0.4239496914340956
nevada-us-senate-election-winner,2024-W22,0.6781897197039009,0.6368053086858633,0.6490699784641555,0.6643558300078646,0.5847096605538217,0.5077412229324944
nevada-us-senate-election-winner,2024-W23,0.6919231014416203,0.7888864420465389,0.6662983378453614,0.816212093099965,0.5885067459174859,0.6163979446250228
nevada-us-senate-election-winner,2024-W24,0.6691871853739706,0.5926618440411967,0.631617437614218,0.5258508956113747,0.5988569190922092,0.6456638443942578
nevada-us-senate-election-winner,2024-W25,0.6770906513249916,0.7493898522800256,0.6434951803596953,0.7519990644232315,0.6072795464133777,0.6973733472580741
nevada-us-senate-election-winner,2024-W26,0.6871302176627042,0.7476076098974418,0.6610332491946669,0.7661511329350843,0.617773576377028,0.6809868424867642
nevada-us-senate-election-winner,2024-W27,0.6995819815002391,0.923189394677844,0.675811570754557,0.9367837418960512,0.6285437646470295,0.924101251196538
nevada-us-senate-election-winner,2024-W28,0.7102786535520776,0.8299304077759245,0.6794086531346099,0.7330114012761061,0.6353705085717976,0.747322081722228
nevada-us-senate-election-winner,2024-W29,0.7339554231883589,0.8762766681797549,0.6963039977561886,0.8228325123152709,0.6461906248553644,0.7768775093345545
nevada-us-senate-election-winner,2024-W30,0.7410885775111561,0.7971867740190306,0.690510020626019,0.6529937438550127,0.648808053626775,0.6806403804841644
nevada-us-senate-election-winner,2024-W31,0.701821593775026,0.506871045361376,0.661697050402078,0.5160806828574331,0.6371535772641214,0.532772892248985
nevada-us-senate-election-winner,2024-W32,0.7139714565998168,0.8288912127978293,0.6730493003354137,0.80610362889674,0.641033764318943,0.6936062299773735
nevada-us-senate-election-winner,2024-W33,0.7232839639816956,0.8178823400225108,0.683523689890285,0.8017618261306021,0.6470523473297575,0.7429025688587053
nevada-us-senate-election-winner,2024-W34,0.7294363683893479,0.8041847257510089,0.6922986693996515,0.7845382250818265,0.6511536683842859,0.7065192937005726
nevada-us-senate-election-winner,2024-W35,0.6742905700799801,0.4000700826296811,0.655406179134281,0.4450509315621581,0.638453177204764,0.5102524155262899
nevada-us-senate-election-winner,2024-W36,0.673283233263231,0.658313646079424,0.6585911294932811,0.7052033625662114,0.6426730191229936,0.7137723925042663
nevada-us-senate-election-winner,2024-W37,0.6797793128195927,0.7761842105263158,0.6713816046779294,0.8340120415982485,0.6533708813612671,0.8362127277747101
nevada-us-senate-election-winner,2024-W38,0.6825973358991534,0.720708171381069,0.6779627936254891,0.7700733392540957,0.6585560927315036,0.7513441089624332
nevada-us-senate-election-winner,2024-W39,0.6814606652239844,0.6652471315092674,0.6837017239298934,0.7680055591120741,0.66579275056402,0.7696859660612505
nevada-us-senate-election-winner,2024-W40,0.6346957489210304,0.3782373972396407,0.6429661149129476,0.3615678886838542,0.653540119118535,0.5000772140330687
nevada-us-senate-election-winner,2024-W41,0.6429512293211508,0.743290635123488,0.6496267518879394,0.7754358708786466,0.6574174746403328,0.7375793068211951
nevada-us-senate-election-winner,2024-W42,0.6171230362402393,0.4725463042007348,0.6326982714558489,0.4496176422733701,0.6476921551435985,0.4814934270241604
nevada-us-senate-election-winner,2024-W43,0.6277745347278831,0.7246728108188231,0.6363960609797438,0.6948433843874138,0.6474401156213546,0.641004416004146
nevada-us-senate-election-winner,2024-W44,0.6311267235890838,0.6586720972972205,0.6329672332275192,0.591387001972327,0.6473572237420508,0.6458933657178855
nevada-us-senate-election-winner,2024-W45,0.5633712902093279,0.1018813708628717,0.602662169149095,0.1361889616530248,0.6284458520126355,0.1510388396235127
texas-us-senate-election-winner,2024-W14,0.6341957985238057,0.6341957985238057,0.6467126340715977,0.6467126340715977,0.692919775337413,0.692919775337413
texas-us-senate-election-winner,2024-W15,0.4788198352982997,0.3894255448224369,0.5781645663896089,0.5269274819095215,0.6239447881272508,0.5780730822922846
texas-us-senate-election-winner,2024-W16,0.4989018344593888,0.5471563812370988,0.5899741975742748,0.6134129576798569,0.6417996833600168,0.6772186370024788
texas-us-senate-election-winner,2024-W17,0.4252730447021884,0.2903151598803772,0.5520430405148254,0.4641204899496045,0.62760419019057,0.5979445696117045
texas-us-senate-election-winner,2024-W18,0.3979600406872031,0.3373008716561467,0.5360652607147929,0.4973958333333333,0.6139225155898771,0.5728802352805157
texas-us-senate-election-winner,2024-W19,0.3766635859519408,0.2760460297165027,0.5159271705186775,0.4226814641832836,0.5916344647519582,0.4859424762745152
texas-us-senate-election-winner,2024-W20,0.34689017073453,0.2342935368304546,0.4751887128648718,0.3075170087757825,0.5675428950936167,0.4520578806305863
texas-us-senate-election-winner,2024-W21,0.3344123128971123,0.2595556530000731,0.4623519184837803,0.3776740110700318,0.5583084455656373,0.4912573583620347
texas-us-senate-election-winner,2024-W22,0.3356165003302599,0.3434353706905318,0.4627626079096319,0.465340502741504,0.5572056055218574,0.5509025852820618
texas-us-senate-election-winner,2024-W23,0.337756988131526,0.3561910698979194,0.4701423374774274,0.5326610955214982,0.5588136404622381,0.5724599349555268
texas-us-senate-election-winner,2024-W24,0.3144963314630988,0.1807972787213718,0.4505324520073279,0.3158930035019745,0.5461543595994027,0.4482883596320783
texas-us-senate-election-winner,2024-W25,0.3148039752121852,0.3184079601990049,0.4539927449746283,0.4932555165038317,0.5495816228051341,0.582859243160317
texas-us-senate-election-winner,2024-W26,0.3133073560470865,0.3042819322411081,0.4561457553371498,0.4680257273648665,0.5529714132190746,0.5710088874694973
texas-us-senate-election-winner,2024-W27,0.3391647246812342,0.6336990644329096,0.4725464708265054,0.6803761708645019,0.5575040344980057,0.6343420243221501
texas-us-senate-election-winner,2024-W28,0.3627829403059165,0.6529228683245508,0.4850019648913968,0.6528727801662632,0.5616293711911446,0.6306104594147294
texas-us-senate-election-winner,2024-W29,0.386130244919638,0.5768450971103742,0.499698914607155,0.6297432030968672,0.5660540855199567,0.6179763803542218
texas-us-senate-election-winner,2024-W30,0.4181341319571763,0.640165744272073,0.5221464254477547,0.6623489698189422,0.5749884979111879,0.6501959566281377
texas-us-senate-election-winner,2024-W31,0.4297125541984827,0.4999725976346278,0.5257117345481398,0.5474857814845002,0.5765002644148887,0.5885495877854868
texas-us-senate-election-winner,2024-W32,0.4402550882491554,0.5503912388419978,0.5364616594225605,0.6432408575031526,0.5767231390223209,0.5794907609881014
texas-us-senate-election-winner,2024-W33,0.4509205777127184,0.6006317420585255,0.5452774838469929,0.6486181968956752,0.5827767722692849,0.6669598612342515
texas-us-senate-election-winner,2024-W34,0.4689826658696951,0.640769501407318,0.5679209699595642,0.7366759159276498,0.5990749881094393,0.7425360953653524
texas-us-senate-election-winner,2024-W35,0.4630258833812496,0.4116944123949234,0.5630482884648198,0.5269329246554095,0.5988165022215224,0.5967298681045663
texas-us-senate-election-winner,2024-W36,0.4647178416934887,0.4828647909653849,0.5650343059219926,0.5826900727873264,0.5976122807631145,0.5862199627020799
texas-us-senate-election-winner,2024-W37,0.454464938250195,0.3589802082287779,0.5585628099580228,0.5028080129072684,0.5951970203395323,0.5732315682450376
texas-us-senate-election-winner,2024-W38,0.4459195905167578,0.3639373206797616,0.5540417469418414,0.5197853597910701,0.5970143967788116,0.610594599801312
texas-us-senate-election-winner,2024-W39,0.4374641249509078,0.3632707586303874,0.5471374276170856,0.4967824581848094,0.5888107732241162,0.5362876530471946
texas-us-senate-election-winner,2024-W40,0.4521156356359344,0.5456340187962848,0.5541888513856076,0.6066378816775561,0.5902935620327505,0.6012182861368203
texas-us-senate-election-winner,2024-W41,0.450320791167667,0.4395862699956485,0.5410363963708873,0.4415609016859254,0.5716722813562019,0.4216660623790848
texas-us-senate-election-winner,2024-W42,0.4438979530172885,0.4220712206144353,0.5218527043552673,0.4191340840273879,0.5511893713209168,0.4247741571365703
texas-us-senate-election-winner,2024-W43,0.4535963443548853,0.5008045140955277,0.5126430601329768,0.4470688165711886,0.5413292163950382,0.4524901879282487
texas-us-senate-election-winner,2024-W44,0.4531788806793959,0.4511868621440921,0.5025917905051043,0.4273776952846741,0.5203691719413959,0.348023062326213
texas-us-senate-election-winner,2024-W45,0.4516420439015017,0.4160919540229885,0.4997470867701081,0.3893868308293106,0.5141042590358487,0.2849719733235137
wisconsin-us-senate-election-winner,2024-W14,1.0,1.0,0.8934443145078077,0.8934443145078077,0.6748417466441691,0.6748417466441691
wisconsin-us-senate-election-winner,2024-W15,1.0,1.0,0.9320082855019528,0.964821914600954,0.6449066118679397,0.6276033011644774
wisconsin-us-senate-election-winner,2024-W16,0.9886260236578708,0.9765698219306468,0.9242196596927468,0.9128303544590628,0.5306295631586558,0.3794470108483368
wisconsin-us-senate-election-winner,2024-W17,0.9912211394960934,0.9947884094225558,0.9288303703488878,0.93627964134541,0.5154969764718331,0.4883469292529485
wisconsin-us-senate-election-winner,2024-W18,0.991500067999456,0.9924585218702866,0.9230196064349324,0.9031342424422876,0.5115203818750399,0.4985449993306292
wisconsin-us-senate-election-winner,2024-W19,0.9930770934869296,1.0,0.917535948524952,0.8889019102308684,0.5203901773533425,0.5623196407921741
wisconsin-us-senate-election-winner,2024-W20,0.9930440365990688,0.9929315300881204,0.9257283879191112,0.9584726111964345,0.5173644164878402,0.5008983325166674
wisconsin-us-senate-election-winner,2024-W21,0.9938760128132657,1.0,0.9226302167583308,0.8963053998002919,0.4943588397462197,0.3523624801121072
wisconsin-us-senate-election-winner,2024-W22,0.9948170828947788,1.0,0.920393136592361,0.9049602916286942,0.4905318057688358,0.4634348446899651
wisconsin-us-senate-election-winner,2024-W23,0.995505120704797,1.0,0.9131981880418965,0.8648370606017441,0.4891514865220129,0.4779142985166144
wisconsin-us-senate-election-winner,2024-W24,0.9947711614173228,0.988858559411732,0.9143126124980886,0.9242129031083272,0.4989891770130694,0.6198217211231632
wisconsin-us-senate-election-winner,2024-W25,0.9951998283232718,1.0,0.9109343090679176,0.8798630879761421,0.4989702710802413,0.4988117433365607
wisconsin-us-senate-election-winner,2024-W26,0.9943343289805872,0.9908151549942594,0.9100557679296816,0.9055187031776952,0.4971146601987357,0.488869146167281
wisconsin-us-senate-election-winner,2024-W27,0.994414568882654,0.9961281579711548,0.9133777353895997,0.9734266086212536,0.5039640943503291,0.621689838420752
wisconsin-us-senate-election-winner,2024-W28,0.9944979367262724,0.9956339607056464,0.9168605549137232,0.9683853089262714,0.5151052352601406,0.7068153781731346
wisconsin-us-senate-election-winner,2024-W29,0.9908500300267512,0.9571662693682956,0.9159308280040128,0.9072649375777398,0.524517479777668,0.6476341861022916
wisconsin-us-senate-election-winner,2024-W30,0.990521387679084,0.98812867666543,0.9144202765049212,0.9035307178080428,0.5430367455531431,0.7483626446090514
wisconsin-us-senate-election-winner,2024-W31,0.9884248094916562,0.9663042744277128,0.913425328228793,0.9031503951909162,0.5431342561411784,0.5442272896619184
wisconsin-us-senate-election-winner,2024-W32,0.9884743837635382,0.9890872298908724,0.909910028955249,0.8669418689731241,0.5498021660155672,0.6412593441152292
wisconsin-us-senate-election-winner,2024-W33,0.9891439154467996,0.9939130099780406,0.9109535500285334,0.9203159501474532,0.5522013621270112,0.5757725537606578
wisconsin-us-senate-election-winner,2024-W34,0.9730484551166192,0.8154246301757971,0.9014044824252204,0.8056832147778481,0.5475084762472845,0.4893470580137961
wisconsin-us-senate-election-winner,2024-W35,0.9713198816313396,0.9520972411647884,0.8949134696436234,0.8359813026782319,0.5466306431798311,0.5360854912684223
wisconsin-us-senate-election-winner,2024-W36,0.9693175063494064,0.948454244400107,0.8911888244426297,0.8506198210142526,0.5424257789193133,0.4887753043244334
wisconsin-us-senate-election-winner,2024-W37,0.9677699422664704,0.952545496429394,0.8810392015138103,0.77771220057544,0.540352262761475,0.5143627340862214
wisconsin-us-senate-election-winner,2024-W38,0.9685498251223996,0.9751728734483046,0.8773231530415742,0.8433557738258178,0.5409538319081711,0.548638102296284
wisconsin-us-senate-election-winner,2024-W39,0.9677882969633148,0.9614203760106664,0.8690581555120267,0.7851536010552815,0.5368213303994984,0.4948464085476488
wisconsin-us-senate-election-winner,2024-W40,0.9626840325633746,0.9225386125183686,0.8668720877516738,0.8464489719684353,0.5326187820147446,0.4844523744687934
wisconsin-us-senate-election-winner,2024-W41,0.958650214153774,0.9309999602717411,0.8536588089505247,0.7628471988788276,0.5322030301913105,0.5282216257703132
wisconsin-us-senate-election-winner,2024-W42,0.9432286661913766,0.8550337278859615,0.84168255442164,0.7541481822895661,0.5329411952846413,0.5410241337568222
wisconsin-us-senate-election-winner,2024-W43,0.9368133843968572,0.8938481765967753,0.8360682060016614,0.7889623375584499,0.5311700253663405,0.5106217761213473
wisconsin-us-senate-election-winner,2024-W44,0.9346370253277316,0.9207212213243148,0.8321371422178039,0.7955619177088562,0.532536342476886,0.5505711956714355
wisconsin-us-senate-election-winner,2024-W45,0.934415727743006,0.9240843238665578,0.8311654018223343,0.7474238193760923,0.5325498183737337,0.5340635104573576
