Year_Date,DEM,REP,Period_DEM,Period_REP,Total_Period,Dem_Ratio,Rep_Ratio,Segment
2024-04-03,43618.0,6954.0,43618.0,6954.0,50572.0,0.8624930791742467,0.1375069208257534,All
2024-04-04,33818.0,17920.0,33818.0,17920.0,51738.0,0.6536394912830028,0.3463605087169972,All
2024-04-05,35342.0,2354.0,35342.0,2354.0,37696.0,0.9375530560271647,0.06244694397283532,All
2024-04-06,24560.0,12530.0,24560.0,12530.0,37090.0,0.6621730924777568,0.3378269075222432,All
2024-04-07,18290.0,23850.0,18290.0,23850.0,42140.0,0.4340294257237779,0.5659705742762221,All
2024-04-08,41619.0,19890.0,41619.0,19890.0,61509.0,0.6766326878993318,0.3233673121006682,All
2024-04-09,31077.0,32956.0,31077.0,32956.0,64033.0,0.4853278778130027,0.5146721221869973,All
2024-04-10,82607.0,33914.0,82607.0,33914.0,116521.0,0.7089451686820402,0.29105483131795984,All
2024-04-11,31227.0,1700.0,31227.0,1700.0,32927.0,0.9483706380781729,0.05162936192182707,All
2024-04-12,23498.0,32572.0,23498.0,32572.0,56070.0,0.4190832887462101,0.5809167112537899,All
2024-04-13,17876.0,38.0,17876.0,38.0,17914.0,0.997878754047114,0.002121245952886011,All
2024-04-14,16622.0,24.0,16622.0,24.0,16646.0,0.998558212183107,0.0014417878168929473,All
2024-04-15,31741.0,6294.0,31741.0,6294.0,38035.0,0.8345208360720389,0.16547916392796108,All
2024-04-16,27271.0,2262.0,27271.0,2262.0,29533.0,0.9234077134053432,0.07659228659465682,All
2024-04-17,38878.0,34224.0,38878.0,34224.0,73102.0,0.5318322344121912,0.4681677655878088,All
2024-04-18,34665.0,74644.0,34665.0,74644.0,109309.0,0.3171285072592376,0.6828714927407624,All
2024-04-19,37896.0,114622.0,37896.0,114622.0,152518.0,0.24846903316329877,0.7515309668367013,All
2024-04-20,16172.0,2216.0,16172.0,2216.0,18388.0,0.8794866217098107,0.12051337829018925,All
2024-04-21,11111.0,8114.0,11111.0,8114.0,19225.0,0.5779453836150845,0.4220546163849155,All
2024-04-22,77504.0,101434.0,77504.0,101434.0,178938.0,0.4331332640355878,0.5668667359644123,All
2024-04-23,71944.0,103076.0,71944.0,103076.0,175020.0,0.41106159296080447,0.5889384070391955,All
2024-04-24,62288.0,13276.0,62288.0,13276.0,75564.0,0.8243078714731883,0.1756921285268117,All
2024-04-25,28290.0,27280.0,28290.0,27280.0,55570.0,0.5090876372143243,0.49091236278567574,All
2024-04-26,44858.0,5482.0,44858.0,5482.0,50340.0,0.8911005164878824,0.1088994835121176,All
2024-04-27,14827.0,3616.0,14827.0,3616.0,18443.0,0.8039364528547417,0.19606354714525837,All
2024-04-28,23925.0,4534.0,23925.0,4534.0,28459.0,0.8406830879510875,0.15931691204891246,All
2024-04-29,50642.0,36050.0,50642.0,36050.0,86692.0,0.5841600147649149,0.41583998523508514,All
2024-04-30,58416.0,13608.0,58416.0,13608.0,72024.0,0.8110629790069976,0.18893702099300233,All
2024-05-01,52463.0,50794.0,52463.0,50794.0,103257.0,0.5080817765381523,0.4919182234618476,All
2024-05-02,43807.0,20840.0,43807.0,20840.0,64647.0,0.6776339195941034,0.32236608040589665,All
2024-05-03,39133.0,75278.0,39133.0,75278.0,114411.0,0.3420387899764883,0.6579612100235117,All
2024-05-04,19151.0,716.0,19151.0,716.0,19867.0,0.9639603362359692,0.0360396637640308,All
2024-05-05,7389.0,21200.0,7389.0,21200.0,28589.0,0.2584560495295393,0.7415439504704606,All
2024-05-06,31494.0,8428.0,31494.0,8428.0,39922.0,0.7888883322478834,0.21111166775211662,All
2024-05-07,29127.0,47376.0,29127.0,47376.0,76503.0,0.38073016744441396,0.6192698325555861,All
2024-05-08,108480.0,5646.0,108480.0,5646.0,114126.0,0.9505283633878345,0.0494716366121655,All
2024-05-09,28771.0,7736.0,28771.0,7736.0,36507.0,0.7880954337524311,0.21190456624756895,All
2024-05-10,36435.0,96134.0,36435.0,96134.0,132569.0,0.2748380088859386,0.7251619911140613,All
2024-05-11,9379.0,6890.0,9379.0,6890.0,16269.0,0.5764951748724568,0.42350482512754317,All
2024-05-12,23572.0,580.0,23572.0,580.0,24152.0,0.9759854256376284,0.024014574362371647,All
2024-05-13,55178.0,24414.0,55178.0,24414.0,79592.0,0.6932606292089657,0.30673937079103425,All
2024-05-14,56171.0,49492.0,56171.0,49492.0,105663.0,0.531605197656701,0.468394802343299,All
2024-05-15,82717.0,59674.0,82717.0,59674.0,142391.0,0.5809145240921125,0.4190854759078874,All
2024-05-16,26084.0,41816.0,26084.0,41816.0,67900.0,0.38415316642120767,0.6158468335787923,All
2024-05-17,29080.0,19836.0,29080.0,19836.0,48916.0,0.5944885109166734,0.4055114890833265,All
2024-05-18,17358.0,8240.0,17358.0,8240.0,25598.0,0.6780998515509025,0.3219001484490976,All
2024-05-19,20570.0,1114.0,20570.0,1114.0,21684.0,0.9486257148127651,0.05137428518723483,All
2024-05-20,32866.0,29636.0,32866.0,29636.0,62502.0,0.5258391731464593,0.47416082685354066,All
2024-05-21,25980.0,29904.0,25980.0,29904.0,55884.0,0.464891561090831,0.535108438909169,All
2024-05-22,34526.0,160326.0,34526.0,160326.0,194852.0,0.1771908936012974,0.8228091063987026,All
2024-05-23,18006.0,43276.0,18006.0,43276.0,61282.0,0.293822003198329,0.7061779968016709,All
2024-05-24,49132.0,5898.0,49132.0,5898.0,55030.0,0.8928220970379793,0.10717790296202072,All
2024-05-25,20685.0,19740.0,20685.0,19740.0,40425.0,0.5116883116883116,0.4883116883116883,All
2024-05-26,15184.0,1604.0,15184.0,1604.0,16788.0,0.9044555634977365,0.09554443650226352,All
2024-05-27,26010.0,18778.0,26010.0,18778.0,44788.0,0.5807359114048406,0.4192640885951594,All
2024-05-28,50012.0,111006.0,50012.0,111006.0,161018.0,0.31059881503931236,0.6894011849606876,All
2024-05-29,28266.0,4094.0,28266.0,4094.0,32360.0,0.8734857849196539,0.1265142150803461,All
2024-05-30,46371.0,24248.0,46371.0,24248.0,70619.0,0.6566363160056076,0.34336368399439243,All
2024-05-31,75544.0,30206.0,75544.0,30206.0,105750.0,0.7143640661938534,0.28563593380614655,All
2024-06-01,25755.0,1892.0,25755.0,1892.0,27647.0,0.9315658118421528,0.06843418815784715,All
2024-06-02,14012.0,50712.0,14012.0,50712.0,64724.0,0.21648847413633274,0.7835115258636672,All
2024-06-03,42970.0,84376.0,42970.0,84376.0,127346.0,0.33742716693103825,0.6625728330689618,All
2024-06-04,57178.0,5002.0,57178.0,5002.0,62180.0,0.9195561273721454,0.08044387262785462,All
2024-06-05,30432.0,18830.0,30432.0,18830.0,49262.0,0.6177581096991596,0.3822418903008404,All
2024-06-06,71610.0,54216.0,71610.0,54216.0,125826.0,0.56911925993038,0.43088074006961996,All
2024-06-07,38591.0,60774.0,38591.0,60774.0,99365.0,0.38837618879887287,0.6116238112011272,All
2024-06-08,17416.0,5982.0,17416.0,5982.0,23398.0,0.7443371228310112,0.2556628771689888,All
2024-06-09,18343.0,4740.0,18343.0,4740.0,23083.0,0.7946540744270676,0.20534592557293246,All
2024-06-10,54446.0,8940.0,54446.0,8940.0,63386.0,0.8589593916637743,0.14104060833622567,All
2024-06-11,19688.0,9596.0,19688.0,9596.0,29284.0,0.6723125256112553,0.3276874743887447,All
2024-06-12,65378.0,9910.0,65378.0,9910.0,75288.0,0.8683721177345659,0.13162788226543407,All
2024-06-13,42487.0,6938.0,42487.0,6938.0,49425.0,0.8596256954982296,0.14037430450177035,All
2024-06-14,37800.0,15616.0,37800.0,15616.0,53416.0,0.7076531376366632,0.29234686236333685,All
2024-06-15,20601.0,72986.0,20601.0,72986.0,93587.0,0.220126727002682,0.779873272997318,All
2024-06-16,23765.0,350.0,23765.0,350.0,24115.0,0.9854862119013063,0.01451378809869376,All
2024-06-17,49746.0,3250.0,49746.0,3250.0,52996.0,0.9386746169522228,0.06132538304777719,All
2024-06-18,62524.0,24410.0,62524.0,24410.0,86934.0,0.7192122759794787,0.2807877240205213,All
2024-06-19,75895.0,9522.0,75895.0,9522.0,85417.0,0.8885233618600513,0.11147663813994872,All
2024-06-20,30924.0,31396.0,30924.0,31396.0,62320.0,0.4962130937098845,0.5037869062901156,All
2024-06-21,43632.0,179648.0,43632.0,179648.0,223280.0,0.19541383016839842,0.8045861698316016,All
2024-06-22,30103.0,9340.0,30103.0,9340.0,39443.0,0.7632025961514084,0.23679740384859163,All
2024-06-23,22996.0,64.0,22996.0,64.0,23060.0,0.9972246313963573,0.0027753686036426713,All
2024-06-24,76027.0,35004.0,76027.0,35004.0,111031.0,0.6847366951572084,0.31526330484279164,All
2024-06-25,80697.0,19530.0,80697.0,19530.0,100227.0,0.8051423269178963,0.19485767308210364,All
2024-06-26,87044.0,24242.0,87044.0,24242.0,111286.0,0.7821648724906997,0.21783512750930037,All
2024-06-27,59517.0,163362.0,59517.0,163362.0,222879.0,0.2670372713445412,0.7329627286554588,All
2024-06-28,100200.0,174352.0,100200.0,174352.0,274552.0,0.36495818642734346,0.6350418135726565,All
2024-06-29,72957.0,30376.0,72957.0,30376.0,103333.0,0.7060377614121336,0.2939622385878664,All
2024-06-30,188679.0,104198.0,188679.0,104198.0,292877.0,0.6442260744271486,0.3557739255728514,All
2024-07-01,45900.0,16384.0,45900.0,16384.0,62284.0,0.736946888446471,0.263053111553529,All
2024-07-02,50909.0,4938.0,50909.0,4938.0,55847.0,0.9115798520959049,0.08842014790409512,All
2024-07-03,48643.0,61344.0,48643.0,61344.0,109987.0,0.4422613581605099,0.5577386418394901,All
2024-07-04,25811.0,3168.0,25811.0,3168.0,28979.0,0.8906794575382173,0.10932054246178267,All
2024-07-05,42044.0,36550.0,42044.0,36550.0,78594.0,0.5349517774893757,0.4650482225106242,All
2024-07-06,21736.0,2694.0,21736.0,2694.0,24430.0,0.8897257470323373,0.1102742529676627,All
2024-07-07,21816.0,2520.0,21816.0,2520.0,24336.0,0.8964497041420119,0.10355029585798817,All
2024-07-08,45033.0,5626.0,45033.0,5626.0,50659.0,0.8889437217473697,0.11105627825263033,All
2024-07-09,61359.0,43318.0,61359.0,43318.0,104677.0,0.5861746133343524,0.41382538666564767,All
2024-07-10,45177.0,2822.0,45177.0,2822.0,47999.0,0.9412071084814267,0.0587928915185733,All
2024-07-11,37634.0,24302.0,37634.0,24302.0,61936.0,0.6076272281064324,0.39237277189356756,All
2024-07-12,56370.0,11002.0,56370.0,11002.0,67372.0,0.8366977379326723,0.16330226206732767,All
2024-07-13,51694.0,13222.0,51694.0,13222.0,64916.0,0.7963213999630292,0.20367860003697086,All
2024-07-14,19044.0,5024.0,19044.0,5024.0,24068.0,0.7912581020442081,0.20874189795579193,All
2024-07-15,63786.0,76142.0,63786.0,76142.0,139928.0,0.45584872219998857,0.5441512778000114,All
2024-07-16,48885.0,29418.0,48885.0,29418.0,78303.0,0.624305582161603,0.375694417838397,All
2024-07-17,51993.0,6026.0,51993.0,6026.0,58019.0,0.8961374722073804,0.10386252779261966,All
2024-07-18,35613.0,7502.0,35613.0,7502.0,43115.0,0.8260002319378407,0.17399976806215933,All
2024-07-19,83742.0,47898.0,83742.0,47898.0,131640.0,0.6361440291704649,0.3638559708295351,All
2024-07-20,47019.0,9546.0,47019.0,9546.0,56565.0,0.8312383983028374,0.16876160169716256,All
2024-07-21,93075.0,8022.0,93075.0,8022.0,101097.0,0.9206504644054719,0.07934953559452802,All
2024-07-22,111619.0,31636.0,111619.0,31636.0,143255.0,0.7791630309587798,0.2208369690412202,All
2024-07-23,177561.0,23596.0,177561.0,23596.0,201157.0,0.8826985886645754,0.11730141133542457,All
2024-07-24,142287.0,89142.0,142287.0,89142.0,231429.0,0.6148192318162374,0.3851807681837626,All
2024-07-25,57449.0,10102.0,57449.0,10102.0,67551.0,0.8504537312549038,0.1495462687450963,All
2024-07-26,47902.0,11560.0,47902.0,11560.0,59462.0,0.8055901247855773,0.19440987521442266,All
2024-07-27,45602.0,8884.0,45602.0,8884.0,54486.0,0.8369489410123702,0.16305105898762984,All
2024-07-28,34770.0,7940.0,34770.0,7940.0,42710.0,0.8140950597049871,0.18590494029501287,All
2024-07-29,98162.0,59884.0,98162.0,59884.0,158046.0,0.6210976551130684,0.37890234488693164,All
2024-07-30,118057.0,174068.0,118057.0,174068.0,292125.0,0.40413179289687634,0.5958682071031237,All
2024-07-31,112556.0,24548.0,112556.0,24548.0,137104.0,0.8209534368070953,0.17904656319290466,All
2024-08-01,64625.0,35782.0,64625.0,35782.0,100407.0,0.6436304241736134,0.3563695758263866,All
2024-08-02,37999.0,7588.0,37999.0,7588.0,45587.0,0.833549038102968,0.16645096189703204,All
2024-08-03,25522.0,6460.0,25522.0,6460.0,31982.0,0.7980113814020386,0.20198861859796136,All
2024-08-04,28655.0,11318.0,28655.0,11318.0,39973.0,0.7168588797438271,0.28314112025617294,All
2024-08-05,86675.0,82322.0,86675.0,82322.0,168997.0,0.5128789268448553,0.48712107315514475,All
2024-08-06,61594.0,7940.0,61594.0,7940.0,69534.0,0.8858112578019386,0.11418874219806138,All
2024-08-07,100278.0,46318.0,100278.0,46318.0,146596.0,0.6840432208245791,0.31595677917542087,All
2024-08-08,75204.0,65986.0,75204.0,65986.0,141190.0,0.5326439549543168,0.4673560450456831,All
2024-08-09,74629.0,10826.0,74629.0,10826.0,85455.0,0.8733134398221286,0.1266865601778714,All
2024-08-10,51056.0,10770.0,51056.0,10770.0,61826.0,0.8258014427587099,0.17419855724129008,All
2024-08-11,41900.0,3464.0,41900.0,3464.0,45364.0,0.9236398906621991,0.0763601093378009,All
2024-08-12,169596.0,53530.0,169596.0,53530.0,223126.0,0.7600907110780456,0.2399092889219544,All
2024-08-13,103673.0,180244.0,103673.0,180244.0,283917.0,0.3651524917493493,0.6348475082506507,All
2024-08-14,89079.0,61254.0,89079.0,61254.0,150333.0,0.5925445510965657,0.4074554489034344,All
2024-08-15,161255.0,32064.0,161255.0,32064.0,193319.0,0.8341394275782514,0.1658605724217485,All
2024-08-16,67679.0,26740.0,67679.0,26740.0,94419.0,0.7167942892849956,0.2832057107150044,All
2024-08-17,52906.0,12544.0,52906.0,12544.0,65450.0,0.8083422459893048,0.19165775401069518,All
2024-08-18,49070.0,25772.0,49070.0,25772.0,74842.0,0.6556478982389568,0.34435210176104325,All
2024-08-19,76537.0,55912.0,76537.0,55912.0,132449.0,0.5778601574945829,0.4221398425054172,All
2024-08-20,78993.0,122040.0,78993.0,122040.0,201033.0,0.3929354882034293,0.6070645117965707,All
2024-08-21,105347.0,38270.0,105347.0,38270.0,143617.0,0.7335273679299804,0.2664726320700196,All
2024-08-22,73904.0,23294.0,73904.0,23294.0,97198.0,0.760344863063026,0.23965513693697402,All
2024-08-23,74399.0,112254.0,74399.0,112254.0,186653.0,0.39859525429540377,0.6014047457045962,All
2024-08-24,65254.0,20288.0,65254.0,20288.0,85542.0,0.7628299548759674,0.23717004512403264,All
2024-08-25,52834.0,62622.0,52834.0,62622.0,115456.0,0.45761155764966743,0.5423884423503326,All
2024-08-26,100290.0,94548.0,100290.0,94548.0,194838.0,0.5147353185723524,0.48526468142764756,All
2024-08-27,104163.0,47372.0,104163.0,47372.0,151535.0,0.6873857524664269,0.3126142475335731,All
2024-08-28,136577.0,96580.0,136577.0,96580.0,233157.0,0.5857726767800238,0.41422732321997624,All
2024-08-29,108813.0,33068.0,108813.0,33068.0,141881.0,0.7669314425469231,0.23306855745307686,All
2024-08-30,74482.0,114072.0,74482.0,114072.0,188554.0,0.39501681215991175,0.6049831878400882,All
2024-08-31,82085.0,27534.0,82085.0,27534.0,109619.0,0.748820916082066,0.2511790839179339,All
2024-09-01,38697.0,26378.0,38697.0,26378.0,65075.0,0.5946523242412601,0.4053476757587399,All
2024-09-02,31632.0,28872.0,31632.0,28872.0,60504.0,0.5228084093613645,0.4771915906386355,All
2024-09-03,79365.0,62522.0,79365.0,62522.0,141887.0,0.5593535700945118,0.4406464299054882,All
2024-09-04,105499.0,40418.0,105499.0,40418.0,145917.0,0.7230069148899717,0.2769930851100283,All
2024-09-05,141202.0,76584.0,141202.0,76584.0,217786.0,0.6483520520143627,0.35164794798563725,All
2024-09-06,126766.0,237480.0,126766.0,237480.0,364246.0,0.3480230393744887,0.6519769606255114,All
2024-09-07,62685.0,25112.0,62685.0,25112.0,87797.0,0.7139765595635387,0.2860234404364614,All
2024-09-08,63426.0,15136.0,63426.0,15136.0,78562.0,0.8073368804256511,0.19266311957434892,All
2024-09-09,124751.0,30122.0,124751.0,30122.0,154873.0,0.8055051558373635,0.1944948441626365,All
2024-09-10,79676.0,28092.0,79676.0,28092.0,107768.0,0.7393289288100364,0.26067107118996363,All
2024-09-11,105064.0,44126.0,105064.0,44126.0,149190.0,0.7042295059990616,0.2957704940009384,All
2024-09-12,170287.0,247118.0,170287.0,247118.0,417405.0,0.4079658844527497,0.5920341155472503,All
2024-09-13,74829.0,38802.0,74829.0,38802.0,113631.0,0.6585262824405312,0.3414737175594688,All
2024-09-14,74649.0,85968.0,74649.0,85968.0,160617.0,0.4647640038103065,0.5352359961896935,All
2024-09-15,66305.0,43224.0,66305.0,43224.0,109529.0,0.6053647892339016,0.3946352107660985,All
2024-09-16,96185.0,58528.0,96185.0,58528.0,154713.0,0.6216995339758132,0.3783004660241867,All
2024-09-17,88402.0,155122.0,88402.0,155122.0,243524.0,0.36301144856359124,0.6369885514364088,All
2024-09-18,219330.0,32866.0,219330.0,32866.0,252196.0,0.8696807245158528,0.13031927548414726,All
2024-09-19,127452.0,142710.0,127452.0,142710.0,270162.0,0.4717613876118773,0.5282386123881226,All
2024-09-20,127414.0,60084.0,127414.0,60084.0,187498.0,0.6795485818515398,0.32045141814846023,All
2024-09-21,75374.0,20024.0,75374.0,20024.0,95398.0,0.790100421392482,0.20989957860751798,All
2024-09-22,87278.0,34704.0,87278.0,34704.0,121982.0,0.715499008050368,0.2845009919496319,All
2024-09-23,162502.0,213616.0,162502.0,213616.0,376118.0,0.43205057987121065,0.5679494201287894,All
2024-09-24,160522.0,97638.0,160522.0,97638.0,258160.0,0.6217926867059188,0.3782073132940812,All
2024-09-25,170406.0,64298.0,170406.0,64298.0,234704.0,0.7260464244324767,0.27395357556752337,All
2024-09-26,137507.0,259014.0,137507.0,259014.0,396521.0,0.34678365080285783,0.6532163491971421,All
2024-09-27,146292.0,40654.0,146292.0,40654.0,186946.0,0.7825361334289046,0.2174638665710954,All
2024-09-28,82353.0,51456.0,82353.0,51456.0,133809.0,0.6154518754343878,0.38454812456561216,All
2024-09-29,84897.0,46724.0,84897.0,46724.0,131621.0,0.6450110544669924,0.35498894553300764,All
2024-09-30,274603.0,216050.0,274603.0,216050.0,490653.0,0.559668441851981,0.44033155814801905,All
2024-10-01,73533.0,70734.0,73533.0,70734.0,144267.0,0.5097007631682922,0.4902992368317079,All
2024-10-02,196638.0,46326.0,196638.0,46326.0,242964.0,0.8093297772509508,0.19067022274904924,All
2024-10-03,122924.0,115790.0,122924.0,115790.0,238714.0,0.5149425672562146,0.48505743274378543,All
2024-10-04,124171.0,43982.0,124171.0,43982.0,168153.0,0.7384405868465029,0.2615594131534971,All
2024-10-05,79580.0,31848.0,79580.0,31848.0,111428.0,0.7141831496571778,0.2858168503428223,All
2024-10-06,102804.0,228446.0,102804.0,228446.0,331250.0,0.31035169811320756,0.6896483018867925,All
2024-10-07,152338.0,56242.0,152338.0,56242.0,208580.0,0.730357656534663,0.26964234346533705,All
2024-10-08,200700.0,198566.0,200700.0,198566.0,399266.0,0.5026724038610851,0.4973275961389149,All
2024-10-09,243132.0,249666.0,243132.0,249666.0,492798.0,0.49337050880888317,0.5066294911911169,All
2024-10-10,236080.0,166198.0,236080.0,166198.0,402278.0,0.5868578445751446,0.41314215542485544,All
2024-10-11,219471.0,139972.0,219471.0,139972.0,359443.0,0.6105863794815868,0.3894136205184132,All
2024-10-12,133747.0,48882.0,133747.0,48882.0,182629.0,0.7323426180946071,0.2676573819053929,All
2024-10-13,168294.0,96098.0,168294.0,96098.0,264392.0,0.6365321189748555,0.3634678810251445,All
2024-10-14,270151.0,100194.0,270151.0,100194.0,370345.0,0.7294576678502478,0.27054233214975226,All
2024-10-15,217180.0,87418.0,217180.0,87418.0,304598.0,0.7130053381834418,0.2869946618165582,All
2024-10-16,329802.0,148206.0,329802.0,148206.0,478008.0,0.6899507958025807,0.31004920419741927,All
2024-10-17,158168.0,146376.0,158168.0,146376.0,304544.0,0.5193600924661133,0.48063990753388675,All
2024-10-18,214554.0,196978.0,214554.0,196978.0,411532.0,0.5213543539749035,0.47864564602509646,All
2024-10-19,129213.0,191992.0,129213.0,191992.0,321205.0,0.40227580517115236,0.5977241948288476,All
2024-10-20,79976.0,50828.0,79976.0,50828.0,130804.0,0.6114186110516499,0.3885813889483502,All
2024-10-21,169809.0,172622.0,169809.0,172622.0,342431.0,0.49589260318137085,0.5041073968186291,All
2024-10-22,191516.0,112004.0,191516.0,112004.0,303520.0,0.630983131259884,0.36901686874011597,All
2024-10-23,271109.0,310910.0,271109.0,310910.0,582019.0,0.4658078172705702,0.5341921827294298,All
2024-10-24,212734.0,166562.0,212734.0,166562.0,379296.0,0.5608653927275795,0.4391346072724205,All
2024-10-25,178319.0,103050.0,178319.0,103050.0,281369.0,0.6337549623448212,0.3662450376551788,All
2024-10-26,199538.0,44970.0,199538.0,44970.0,244508.0,0.8160796374760744,0.1839203625239256,All
2024-10-27,164893.0,69804.0,164893.0,69804.0,234697.0,0.7025782178724057,0.2974217821275943,All
2024-10-28,351700.0,164092.0,351700.0,164092.0,515792.0,0.6818640071966995,0.31813599280330057,All
2024-10-29,248663.0,212750.0,248663.0,212750.0,461413.0,0.5389163287553667,0.46108367124463334,All
2024-10-30,231487.0,85762.0,231487.0,85762.0,317249.0,0.7296697546721975,0.2703302453278025,All
2024-10-31,240583.0,177994.0,240583.0,177994.0,418577.0,0.5747640219123363,0.42523597808766367,All
2024-11-01,133771.0,96472.0,133771.0,96472.0,230243.0,0.5809992051875627,0.4190007948124373,All
2024-11-02,122582.0,84626.0,122582.0,84626.0,207208.0,0.5915891278329022,0.4084108721670978,All
2024-11-03,134338.0,59130.0,134338.0,59130.0,193468.0,0.6943680608679471,0.30563193913205283,All
2024-11-04,125782.0,63544.0,125782.0,63544.0,189326.0,0.6643672818313385,0.33563271816866147,All
2024-11-05,58076.0,51256.0,58076.0,51256.0,109332.0,0.5311894047488384,0.4688105952511616,All
2024-04-03,610.0,0.0,610.0,0.0,610.0,1.0,0.0,Small
2024-04-04,1042.0,0.0,1042.0,0.0,1042.0,1.0,0.0,Small
2024-04-05,1667.0,0.0,1667.0,0.0,1667.0,1.0,0.0,Small
2024-04-06,397.0,0.0,397.0,0.0,397.0,1.0,0.0,Small
2024-04-07,352.0,0.0,352.0,0.0,352.0,1.0,0.0,Small
2024-04-08,1715.0,0.0,1715.0,0.0,1715.0,1.0,0.0,Small
2024-04-09,550.0,0.0,550.0,0.0,550.0,1.0,0.0,Small
2024-04-10,3777.0,0.0,3777.0,0.0,3777.0,1.0,0.0,Small
2024-04-11,817.0,0.0,817.0,0.0,817.0,1.0,0.0,Small
2024-04-12,1823.0,0.0,1823.0,0.0,1823.0,1.0,0.0,Small
2024-04-13,254.0,0.0,254.0,0.0,254.0,1.0,0.0,Small
2024-04-14,568.0,0.0,568.0,0.0,568.0,1.0,0.0,Small
2024-04-15,2461.0,100.0,2461.0,100.0,2561.0,0.9609527528309254,0.03904724716907458,Small
2024-04-16,2578.0,0.0,2578.0,0.0,2578.0,1.0,0.0,Small
2024-04-17,3451.0,0.0,3451.0,0.0,3451.0,1.0,0.0,Small
2024-04-18,1028.0,0.0,1028.0,0.0,1028.0,1.0,0.0,Small
2024-04-19,1485.0,200.0,1485.0,200.0,1685.0,0.8813056379821959,0.11869436201780416,Small
2024-04-20,696.0,0.0,696.0,0.0,696.0,1.0,0.0,Small
2024-04-21,805.0,0.0,805.0,0.0,805.0,1.0,0.0,Small
2024-04-22,3035.0,0.0,3035.0,0.0,3035.0,1.0,0.0,Small
2024-04-23,5864.0,100.0,5864.0,100.0,5964.0,0.9832327297116029,0.01676727028839705,Small
2024-04-24,5324.0,0.0,5324.0,0.0,5324.0,1.0,0.0,Small
2024-04-25,1747.0,0.0,1747.0,0.0,1747.0,1.0,0.0,Small
2024-04-26,2277.0,0.0,2277.0,0.0,2277.0,1.0,0.0,Small
2024-04-27,426.0,0.0,426.0,0.0,426.0,1.0,0.0,Small
2024-04-28,415.0,0.0,415.0,0.0,415.0,1.0,0.0,Small
2024-04-29,3094.0,100.0,3094.0,100.0,3194.0,0.9686912961803381,0.031308703819661866,Small
2024-04-30,1583.0,0.0,1583.0,0.0,1583.0,1.0,0.0,Small
2024-05-01,2678.0,0.0,2678.0,0.0,2678.0,1.0,0.0,Small
2024-05-02,4032.0,0.0,4032.0,0.0,4032.0,1.0,0.0,Small
2024-05-03,1165.0,0.0,1165.0,0.0,1165.0,1.0,0.0,Small
2024-05-04,413.0,0.0,413.0,0.0,413.0,1.0,0.0,Small
2024-05-05,195.0,0.0,195.0,0.0,195.0,1.0,0.0,Small
2024-05-06,2067.0,0.0,2067.0,0.0,2067.0,1.0,0.0,Small
2024-05-07,376.0,0.0,376.0,0.0,376.0,1.0,0.0,Small
2024-05-08,6040.0,0.0,6040.0,0.0,6040.0,1.0,0.0,Small
2024-05-09,1952.0,0.0,1952.0,0.0,1952.0,1.0,0.0,Small
2024-05-10,1853.0,0.0,1853.0,0.0,1853.0,1.0,0.0,Small
2024-05-11,541.0,0.0,541.0,0.0,541.0,1.0,0.0,Small
2024-05-12,571.0,0.0,571.0,0.0,571.0,1.0,0.0,Small
2024-05-13,4309.0,0.0,4309.0,0.0,4309.0,1.0,0.0,Small
2024-05-14,4275.0,0.0,4275.0,0.0,4275.0,1.0,0.0,Small
2024-05-15,8730.0,0.0,8730.0,0.0,8730.0,1.0,0.0,Small
2024-05-16,1076.0,150.0,1076.0,150.0,1226.0,0.8776508972267537,0.12234910277324633,Small
2024-05-17,1907.0,0.0,1907.0,0.0,1907.0,1.0,0.0,Small
2024-05-18,424.0,0.0,424.0,0.0,424.0,1.0,0.0,Small
2024-05-19,350.0,0.0,350.0,0.0,350.0,1.0,0.0,Small
2024-05-20,2906.0,0.0,2906.0,0.0,2906.0,1.0,0.0,Small
2024-05-21,900.0,0.0,900.0,0.0,900.0,1.0,0.0,Small
2024-05-22,3523.0,0.0,3523.0,0.0,3523.0,1.0,0.0,Small
2024-05-23,676.0,0.0,676.0,0.0,676.0,1.0,0.0,Small
2024-05-24,2740.0,0.0,2740.0,0.0,2740.0,1.0,0.0,Small
2024-05-25,1417.0,0.0,1417.0,0.0,1417.0,1.0,0.0,Small
2024-05-26,533.0,0.0,533.0,0.0,533.0,1.0,0.0,Small
2024-05-27,1668.0,0.0,1668.0,0.0,1668.0,1.0,0.0,Small
2024-05-28,3326.0,0.0,3326.0,0.0,3326.0,1.0,0.0,Small
2024-05-29,2833.0,0.0,2833.0,0.0,2833.0,1.0,0.0,Small
2024-05-30,3465.0,0.0,3465.0,0.0,3465.0,1.0,0.0,Small
2024-05-31,6382.0,0.0,6382.0,0.0,6382.0,1.0,0.0,Small
2024-06-01,817.0,0.0,817.0,0.0,817.0,1.0,0.0,Small
2024-06-02,781.0,0.0,781.0,0.0,781.0,1.0,0.0,Small
2024-06-03,3979.0,0.0,3979.0,0.0,3979.0,1.0,0.0,Small
2024-06-04,5918.0,0.0,5918.0,0.0,5918.0,1.0,0.0,Small
2024-06-05,772.0,0.0,772.0,0.0,772.0,1.0,0.0,Small
2024-06-06,5486.0,0.0,5486.0,0.0,5486.0,1.0,0.0,Small
2024-06-07,1196.0,0.0,1196.0,0.0,1196.0,1.0,0.0,Small
2024-06-08,1004.0,0.0,1004.0,0.0,1004.0,1.0,0.0,Small
2024-06-09,842.0,0.0,842.0,0.0,842.0,1.0,0.0,Small
2024-06-10,5781.0,0.0,5781.0,0.0,5781.0,1.0,0.0,Small
2024-06-11,1188.0,0.0,1188.0,0.0,1188.0,1.0,0.0,Small
2024-06-12,5813.0,200.0,5813.0,200.0,6013.0,0.9667387327457176,0.03326126725428239,Small
2024-06-13,1831.0,0.0,1831.0,0.0,1831.0,1.0,0.0,Small
2024-06-14,1599.0,0.0,1599.0,0.0,1599.0,1.0,0.0,Small
2024-06-15,1009.0,0.0,1009.0,0.0,1009.0,1.0,0.0,Small
2024-06-16,530.0,0.0,530.0,0.0,530.0,1.0,0.0,Small
2024-06-17,2689.0,0.0,2689.0,0.0,2689.0,1.0,0.0,Small
2024-06-18,1321.0,0.0,1321.0,0.0,1321.0,1.0,0.0,Small
2024-06-19,5684.0,0.0,5684.0,0.0,5684.0,1.0,0.0,Small
2024-06-20,1363.0,0.0,1363.0,0.0,1363.0,1.0,0.0,Small
2024-06-21,1959.0,0.0,1959.0,0.0,1959.0,1.0,0.0,Small
2024-06-22,738.0,0.0,738.0,0.0,738.0,1.0,0.0,Small
2024-06-23,763.0,0.0,763.0,0.0,763.0,1.0,0.0,Small
2024-06-24,7448.0,0.0,7448.0,0.0,7448.0,1.0,0.0,Small
2024-06-25,8396.0,0.0,8396.0,0.0,8396.0,1.0,0.0,Small
2024-06-26,6889.0,0.0,6889.0,0.0,6889.0,1.0,0.0,Small
2024-06-27,2523.0,200.0,2523.0,200.0,2723.0,0.9265515975027543,0.07344840249724569,Small
2024-06-28,4737.0,0.0,4737.0,0.0,4737.0,1.0,0.0,Small
2024-06-29,1876.0,200.0,1876.0,200.0,2076.0,0.9036608863198459,0.09633911368015415,Small
2024-06-30,11281.0,0.0,11281.0,0.0,11281.0,1.0,0.0,Small
2024-07-01,1609.0,0.0,1609.0,0.0,1609.0,1.0,0.0,Small
2024-07-02,787.0,0.0,787.0,0.0,787.0,1.0,0.0,Small
2024-07-03,1142.0,0.0,1142.0,0.0,1142.0,1.0,0.0,Small
2024-07-04,778.0,0.0,778.0,0.0,778.0,1.0,0.0,Small
2024-07-05,4085.0,0.0,4085.0,0.0,4085.0,1.0,0.0,Small
2024-07-06,972.0,0.0,972.0,0.0,972.0,1.0,0.0,Small
2024-07-07,918.0,40.0,918.0,40.0,958.0,0.9582463465553236,0.04175365344467641,Small
2024-07-08,1614.0,16.0,1614.0,16.0,1630.0,0.9901840490797545,0.0098159509202454,Small
2024-07-09,4835.0,0.0,4835.0,0.0,4835.0,1.0,0.0,Small
2024-07-10,1657.0,0.0,1657.0,0.0,1657.0,1.0,0.0,Small
2024-07-11,1986.0,0.0,1986.0,0.0,1986.0,1.0,0.0,Small
2024-07-12,4648.0,0.0,4648.0,0.0,4648.0,1.0,0.0,Small
2024-07-13,1326.0,58.0,1326.0,58.0,1384.0,0.958092485549133,0.04190751445086705,Small
2024-07-14,809.0,0.0,809.0,0.0,809.0,1.0,0.0,Small
2024-07-15,2785.0,1150.0,2785.0,1150.0,3935.0,0.7077509529860229,0.29224904701397714,Small
2024-07-16,2509.0,0.0,2509.0,0.0,2509.0,1.0,0.0,Small
2024-07-17,3657.0,0.0,3657.0,0.0,3657.0,1.0,0.0,Small
2024-07-18,1885.0,0.0,1885.0,0.0,1885.0,1.0,0.0,Small
2024-07-19,9032.0,0.0,9032.0,0.0,9032.0,1.0,0.0,Small
2024-07-20,1283.0,0.0,1283.0,0.0,1283.0,1.0,0.0,Small
2024-07-21,4547.0,0.0,4547.0,0.0,4547.0,1.0,0.0,Small
2024-07-22,5564.0,20.0,5564.0,20.0,5584.0,0.9964183381088825,0.0035816618911174787,Small
2024-07-23,16302.0,10.0,16302.0,10.0,16312.0,0.9993869543894066,0.0006130456105934281,Small
2024-07-24,6893.0,200.0,6893.0,200.0,7093.0,0.9718031862399549,0.028196813760045115,Small
2024-07-25,2548.0,10.0,2548.0,10.0,2558.0,0.9960906958561376,0.003909304143862392,Small
2024-07-26,1921.0,208.0,1921.0,208.0,2129.0,0.9023015500234852,0.09769844997651479,Small
2024-07-27,1369.0,0.0,1369.0,0.0,1369.0,1.0,0.0,Small
2024-07-28,2693.0,0.0,2693.0,0.0,2693.0,1.0,0.0,Small
2024-07-29,3745.0,0.0,3745.0,0.0,3745.0,1.0,0.0,Small
2024-07-30,10789.0,400.0,10789.0,400.0,11189.0,0.9642506032710698,0.0357493967289302,Small
2024-07-31,5826.0,166.0,5826.0,166.0,5992.0,0.9722963951935915,0.027703604806408544,Small
2024-08-01,2004.0,6.0,2004.0,6.0,2010.0,0.9970149253731343,0.0029850746268656717,Small
2024-08-02,1436.0,200.0,1436.0,200.0,1636.0,0.8777506112469438,0.12224938875305623,Small
2024-08-03,2367.0,202.0,2367.0,202.0,2569.0,0.9213701829505644,0.07862981704943557,Small
2024-08-04,2453.0,24.0,2453.0,24.0,2477.0,0.9903108599111828,0.009689140088817117,Small
2024-08-05,4426.0,52.0,4426.0,52.0,4478.0,0.9883876730683341,0.011612326931665922,Small
2024-08-06,1600.0,0.0,1600.0,0.0,1600.0,1.0,0.0,Small
2024-08-07,12715.0,0.0,12715.0,0.0,12715.0,1.0,0.0,Small
2024-08-08,3707.0,200.0,3707.0,200.0,3907.0,0.9488098285129255,0.051190171487074485,Small
2024-08-09,1686.0,2.0,1686.0,2.0,1688.0,0.9988151658767772,0.001184834123222749,Small
2024-08-10,1526.0,48.0,1526.0,48.0,1574.0,0.9695044472681067,0.030495552731893267,Small
2024-08-11,1712.0,0.0,1712.0,0.0,1712.0,1.0,0.0,Small
2024-08-12,15092.0,0.0,15092.0,0.0,15092.0,1.0,0.0,Small
2024-08-13,2872.0,100.0,2872.0,100.0,2972.0,0.9663526244952894,0.033647375504710635,Small
2024-08-14,4004.0,12.0,4004.0,12.0,4016.0,0.9970119521912351,0.00298804780876494,Small
2024-08-15,19435.0,204.0,19435.0,204.0,19639.0,0.9896125057283975,0.010387494271602423,Small
2024-08-16,5200.0,0.0,5200.0,0.0,5200.0,1.0,0.0,Small
2024-08-17,2581.0,0.0,2581.0,0.0,2581.0,1.0,0.0,Small
2024-08-18,2414.0,0.0,2414.0,0.0,2414.0,1.0,0.0,Small
2024-08-19,4800.0,0.0,4800.0,0.0,4800.0,1.0,0.0,Small
2024-08-20,7438.0,3236.0,7438.0,3236.0,10674.0,0.6968334270189245,0.3031665729810755,Small
2024-08-21,5011.0,0.0,5011.0,0.0,5011.0,1.0,0.0,Small
2024-08-22,5080.0,50.0,5080.0,50.0,5130.0,0.9902534113060428,0.009746588693957114,Small
2024-08-23,5996.0,604.0,5996.0,604.0,6600.0,0.9084848484848485,0.09151515151515152,Small
2024-08-24,3490.0,2000.0,3490.0,2000.0,5490.0,0.6357012750455373,0.36429872495446264,Small
2024-08-25,3298.0,2058.0,3298.0,2058.0,5356.0,0.6157580283793876,0.3842419716206124,Small
2024-08-26,3869.0,300.0,3869.0,300.0,4169.0,0.9280402974334373,0.07195970256656273,Small
2024-08-27,4026.0,400.0,4026.0,400.0,4426.0,0.9096249435155896,0.0903750564844103,Small
2024-08-28,14274.0,600.0,14274.0,600.0,14874.0,0.9596611536910045,0.04033884630899556,Small
2024-08-29,6270.0,0.0,6270.0,0.0,6270.0,1.0,0.0,Small
2024-08-30,4422.0,700.0,4422.0,700.0,5122.0,0.8633346349082389,0.13666536509176103,Small
2024-08-31,4431.0,0.0,4431.0,0.0,4431.0,1.0,0.0,Small
2024-09-01,2499.0,2.0,2499.0,2.0,2501.0,0.9992003198720512,0.0007996801279488205,Small
2024-09-02,1483.0,0.0,1483.0,0.0,1483.0,1.0,0.0,Small
2024-09-03,6180.0,80.0,6180.0,80.0,6260.0,0.987220447284345,0.012779552715654952,Small
2024-09-04,9877.0,404.0,9877.0,404.0,10281.0,0.960704211652563,0.03929578834743702,Small
2024-09-05,12418.0,350.0,12418.0,350.0,12768.0,0.9725877192982456,0.027412280701754384,Small
2024-09-06,10109.0,1642.0,10109.0,1642.0,11751.0,0.8602672113011659,0.13973278869883415,Small
2024-09-07,3126.0,30.0,3126.0,30.0,3156.0,0.9904942965779467,0.009505703422053232,Small
2024-09-08,2918.0,0.0,2918.0,0.0,2918.0,1.0,0.0,Small
2024-09-09,10122.0,98.0,10122.0,98.0,10220.0,0.9904109589041096,0.009589041095890411,Small
2024-09-10,4095.0,0.0,4095.0,0.0,4095.0,1.0,0.0,Small
2024-09-11,3880.0,100.0,3880.0,100.0,3980.0,0.9748743718592965,0.02512562814070352,Small
2024-09-12,19279.0,2218.0,19279.0,2218.0,21497.0,0.8968228124854631,0.10317718751453692,Small
2024-09-13,6195.0,10.0,6195.0,10.0,6205.0,0.9983883964544722,0.0016116035455278,Small
2024-09-14,5003.0,200.0,5003.0,200.0,5203.0,0.9615606380934076,0.03843936190659235,Small
2024-09-15,5181.0,52.0,5181.0,52.0,5233.0,0.9900630613414867,0.009936938658513281,Small
2024-09-16,10428.0,0.0,10428.0,0.0,10428.0,1.0,0.0,Small
2024-09-17,5305.0,800.0,5305.0,800.0,6105.0,0.868959868959869,0.13104013104013104,Small
2024-09-18,22111.0,152.0,22111.0,152.0,22263.0,0.993172528410367,0.006827471589633024,Small
2024-09-19,12569.0,636.0,12569.0,636.0,13205.0,0.951836425596365,0.04816357440363499,Small
2024-09-20,10215.0,200.0,10215.0,200.0,10415.0,0.9807969275084013,0.019203072491598656,Small
2024-09-21,4963.0,0.0,4963.0,0.0,4963.0,1.0,0.0,Small
2024-09-22,4639.0,0.0,4639.0,0.0,4639.0,1.0,0.0,Small
2024-09-23,12087.0,720.0,12087.0,720.0,12807.0,0.94378074490513,0.05621925509486999,Small
2024-09-24,11227.0,420.0,11227.0,420.0,11647.0,0.9639392118142011,0.03606078818579892,Small
2024-09-25,17783.0,0.0,17783.0,0.0,17783.0,1.0,0.0,Small
2024-09-26,9429.0,1850.0,9429.0,1850.0,11279.0,0.8359783668764962,0.16402163312350385,Small
2024-09-27,13726.0,104.0,13726.0,104.0,13830.0,0.9924801156905279,0.0075198843094721616,Small
2024-09-28,6926.0,60.0,6926.0,60.0,6986.0,0.9914113942170054,0.00858860578299456,Small
2024-09-29,7421.0,0.0,7421.0,0.0,7421.0,1.0,0.0,Small
2024-09-30,25857.0,300.0,25857.0,300.0,26157.0,0.9885307948159192,0.011469205184080743,Small
2024-10-01,4614.0,622.0,4614.0,622.0,5236.0,0.8812070282658518,0.11879297173414821,Small
2024-10-02,24990.0,220.0,24990.0,220.0,25210.0,0.9912733042443475,0.00872669575565252,Small
2024-10-03,8924.0,792.0,8924.0,792.0,9716.0,0.9184849732400164,0.08151502675998354,Small
2024-10-04,10791.0,608.0,10791.0,608.0,11399.0,0.9466619878936748,0.05333801210632512,Small
2024-10-05,6708.0,162.0,6708.0,162.0,6870.0,0.9764192139737992,0.023580786026200874,Small
2024-10-06,7891.0,4834.0,7891.0,4834.0,12725.0,0.6201178781925344,0.3798821218074656,Small
2024-10-07,12869.0,1138.0,12869.0,1138.0,14007.0,0.9187549082601556,0.08124509173984436,Small
2024-10-08,14439.0,1868.0,14439.0,1868.0,16307.0,0.8854479671306801,0.11455203286931992,Small
2024-10-09,17639.0,1622.0,17639.0,1622.0,19261.0,0.9157883806655936,0.08421161933440631,Small
2024-10-10,20765.0,574.0,20765.0,574.0,21339.0,0.9731008950747457,0.02689910492525423,Small
2024-10-11,24672.0,444.0,24672.0,444.0,25116.0,0.9823220258002867,0.017677974199713332,Small
2024-10-12,13430.0,402.0,13430.0,402.0,13832.0,0.9709369577790631,0.029063042220936957,Small
2024-10-13,13357.0,2636.0,13357.0,2636.0,15993.0,0.8351778903270181,0.16482210967298194,Small
2024-10-14,24569.0,770.0,24569.0,770.0,25339.0,0.9696120604601602,0.030387939539839773,Small
2024-10-15,18998.0,790.0,18998.0,790.0,19788.0,0.960076814230847,0.03992318576915302,Small
2024-10-16,39326.0,8946.0,39326.0,8946.0,48272.0,0.8146751740139211,0.18532482598607888,Small
2024-10-17,12831.0,2440.0,12831.0,2440.0,15271.0,0.8402200248837666,0.15977997511623337,Small
2024-10-18,29902.0,1642.0,29902.0,1642.0,31544.0,0.9479457266041086,0.05205427339589146,Small
2024-10-19,12782.0,9238.0,12782.0,9238.0,22020.0,0.58047229791099,0.41952770208900997,Small
2024-10-20,9388.0,1232.0,9388.0,1232.0,10620.0,0.8839924670433145,0.1160075329566855,Small
2024-10-21,20231.0,1564.0,20231.0,1564.0,21795.0,0.928240422115164,0.07175957788483597,Small
2024-10-22,20029.0,1522.0,20029.0,1522.0,21551.0,0.9293768270613892,0.07062317293861074,Small
2024-10-23,29370.0,6792.0,29370.0,6792.0,36162.0,0.8121785299485648,0.1878214700514352,Small
2024-10-24,24016.0,3792.0,24016.0,3792.0,27808.0,0.8636363636363636,0.13636363636363635,Small
2024-10-25,20816.0,1436.0,20816.0,1436.0,22252.0,0.9354664749236024,0.06453352507639763,Small
2024-10-26,19962.0,1326.0,19962.0,1326.0,21288.0,0.9377113866967306,0.06228861330326945,Small
2024-10-27,20580.0,1976.0,20580.0,1976.0,22556.0,0.9123958148607909,0.08760418513920908,Small
2024-10-28,34397.0,2232.0,34397.0,2232.0,36629.0,0.9390646755303175,0.06093532446968249,Small
2024-10-29,30283.0,1708.0,30283.0,1708.0,31991.0,0.9466099840580163,0.053390015941983684,Small
2024-10-30,29932.0,1918.0,29932.0,1918.0,31850.0,0.9397802197802197,0.06021978021978022,Small
2024-10-31,29370.0,6658.0,29370.0,6658.0,36028.0,0.8151992894415455,0.18480071055845454,Small
2024-11-01,22098.0,770.0,22098.0,770.0,22868.0,0.9663284939653665,0.03367150603463355,Small
2024-11-02,22579.0,1836.0,22579.0,1836.0,24415.0,0.9248003276674176,0.07519967233258243,Small
2024-11-03,23548.0,1428.0,23548.0,1428.0,24976.0,0.9428251121076233,0.05717488789237668,Small
2024-11-04,20969.0,1446.0,20969.0,1446.0,22415.0,0.9354896274815971,0.06451037251840286,Small
2024-11-05,9584.0,1064.0,9584.0,1064.0,10648.0,0.9000751314800901,0.09992486851990984,Small
2024-04-03,3409.0,88.0,3409.0,88.0,3497.0,0.9748355733485845,0.025164426651415498,Medium
2024-04-04,7166.0,510.0,7166.0,510.0,7676.0,0.933559145388223,0.06644085461177697,Medium
2024-04-05,5232.0,0.0,5232.0,0.0,5232.0,1.0,0.0,Medium
2024-04-06,4853.0,500.0,4853.0,500.0,5353.0,0.9065944330282085,0.09340556697179152,Medium
2024-04-07,5316.0,2000.0,5316.0,2000.0,7316.0,0.7266265718972116,0.2733734281027884,Medium
2024-04-08,3533.0,0.0,3533.0,0.0,3533.0,1.0,0.0,Medium
2024-04-09,4562.0,1140.0,4562.0,1140.0,5702.0,0.8000701508242721,0.19992984917572781,Medium
2024-04-10,9874.0,0.0,9874.0,0.0,9874.0,1.0,0.0,Medium
2024-04-11,5491.0,0.0,5491.0,0.0,5491.0,1.0,0.0,Medium
2024-04-12,5025.0,62.0,5025.0,62.0,5087.0,0.9878120699823079,0.012187930017692156,Medium
2024-04-13,2360.0,0.0,2360.0,0.0,2360.0,1.0,0.0,Medium
2024-04-14,2122.0,0.0,2122.0,0.0,2122.0,1.0,0.0,Medium
2024-04-15,5064.0,120.0,5064.0,120.0,5184.0,0.9768518518518519,0.023148148148148147,Medium
2024-04-16,6861.0,100.0,6861.0,100.0,6961.0,0.9856342479528803,0.014365752047119667,Medium
2024-04-17,7225.0,0.0,7225.0,0.0,7225.0,1.0,0.0,Medium
2024-04-18,6218.0,350.0,6218.0,350.0,6568.0,0.9467113276492083,0.05328867235079172,Medium
2024-04-19,7158.0,3000.0,7158.0,3000.0,10158.0,0.7046662728883638,0.29533372711163614,Medium
2024-04-20,4213.0,100.0,4213.0,100.0,4313.0,0.9768142824020404,0.023185717597959656,Medium
2024-04-21,2740.0,100.0,2740.0,100.0,2840.0,0.9647887323943662,0.035211267605633804,Medium
2024-04-22,11395.0,500.0,11395.0,500.0,11895.0,0.9579655317360235,0.042034468263976464,Medium
2024-04-23,18328.0,2900.0,18328.0,2900.0,21228.0,0.8633879781420765,0.1366120218579235,Medium
2024-04-24,9533.0,500.0,9533.0,500.0,10033.0,0.9501644572909399,0.0498355427090601,Medium
2024-04-25,5551.0,200.0,5551.0,200.0,5751.0,0.9652234394018432,0.03477656059815684,Medium
2024-04-26,7945.0,100.0,7945.0,100.0,8045.0,0.9875699192044748,0.012430080795525171,Medium
2024-04-27,4219.0,0.0,4219.0,0.0,4219.0,1.0,0.0,Medium
2024-04-28,4742.0,0.0,4742.0,0.0,4742.0,1.0,0.0,Medium
2024-04-29,10254.0,2500.0,10254.0,2500.0,12754.0,0.8039830641367414,0.19601693586325858,Medium
2024-04-30,8655.0,760.0,8655.0,760.0,9415.0,0.9192777482740307,0.0807222517259692,Medium
2024-05-01,8931.0,0.0,8931.0,0.0,8931.0,1.0,0.0,Medium
2024-05-02,9609.0,0.0,9609.0,0.0,9609.0,1.0,0.0,Medium
2024-05-03,4420.0,1620.0,4420.0,1620.0,6040.0,0.7317880794701986,0.2682119205298013,Medium
2024-05-04,2449.0,0.0,2449.0,0.0,2449.0,1.0,0.0,Medium
2024-05-05,1181.0,0.0,1181.0,0.0,1181.0,1.0,0.0,Medium
2024-05-06,6166.0,100.0,6166.0,100.0,6266.0,0.98404085541015,0.015959144589849983,Medium
2024-05-07,4651.0,500.0,4651.0,500.0,5151.0,0.90293146961755,0.09706853038245002,Medium
2024-05-08,11145.0,0.0,11145.0,0.0,11145.0,1.0,0.0,Medium
2024-05-09,4768.0,740.0,4768.0,740.0,5508.0,0.8656499636891793,0.13435003631082063,Medium
2024-05-10,4844.0,3400.0,4844.0,3400.0,8244.0,0.5875788452207666,0.41242115477923336,Medium
2024-05-11,3375.0,0.0,3375.0,0.0,3375.0,1.0,0.0,Medium
2024-05-12,2976.0,0.0,2976.0,0.0,2976.0,1.0,0.0,Medium
2024-05-13,10841.0,0.0,10841.0,0.0,10841.0,1.0,0.0,Medium
2024-05-14,11095.0,694.0,11095.0,694.0,11789.0,0.9411315633217406,0.058868436678259396,Medium
2024-05-15,22975.0,1934.0,22975.0,1934.0,24909.0,0.9223573808663535,0.07764261913364648,Medium
2024-05-16,6903.0,50.0,6903.0,50.0,6953.0,0.9928088594851143,0.0071911405148856605,Medium
2024-05-17,5920.0,0.0,5920.0,0.0,5920.0,1.0,0.0,Medium
2024-05-18,3588.0,80.0,3588.0,80.0,3668.0,0.9781897491821155,0.021810250817884406,Medium
2024-05-19,2334.0,0.0,2334.0,0.0,2334.0,1.0,0.0,Medium
2024-05-20,6324.0,100.0,6324.0,100.0,6424.0,0.9844333748443338,0.015566625155666251,Medium
2024-05-21,4555.0,550.0,4555.0,550.0,5105.0,0.8922624877571009,0.10773751224289912,Medium
2024-05-22,6936.0,3100.0,6936.0,3100.0,10036.0,0.6911119968114787,0.30888800318852133,Medium
2024-05-23,4318.0,100.0,4318.0,100.0,4418.0,0.9773653236758715,0.022634676324128564,Medium
2024-05-24,5636.0,200.0,5636.0,200.0,5836.0,0.9657299520219328,0.03427004797806717,Medium
2024-05-25,3179.0,0.0,3179.0,0.0,3179.0,1.0,0.0,Medium
2024-05-26,4059.0,0.0,4059.0,0.0,4059.0,1.0,0.0,Medium
2024-05-27,3500.0,0.0,3500.0,0.0,3500.0,1.0,0.0,Medium
2024-05-28,9928.0,3000.0,9928.0,3000.0,12928.0,0.7679455445544554,0.23205445544554457,Medium
2024-05-29,7406.0,700.0,7406.0,700.0,8106.0,0.9136442141623489,0.08635578583765112,Medium
2024-05-30,9060.0,760.0,9060.0,760.0,9820.0,0.9226069246435845,0.07739307535641547,Medium
2024-05-31,12402.0,500.0,12402.0,500.0,12902.0,0.961246318400248,0.038753681599751975,Medium
2024-06-01,3107.0,50.0,3107.0,50.0,3157.0,0.9841621792841305,0.015837820715869498,Medium
2024-06-02,3254.0,100.0,3254.0,100.0,3354.0,0.9701848539057841,0.02981514609421586,Medium
2024-06-03,10818.0,500.0,10818.0,500.0,11318.0,0.9558225834953172,0.04417741650468281,Medium
2024-06-04,12517.0,500.0,12517.0,500.0,13017.0,0.9615886917108397,0.038411308289160326,Medium
2024-06-05,5322.0,500.0,5322.0,500.0,5822.0,0.9141188594984542,0.08588114050154586,Medium
2024-06-06,11920.0,2400.0,11920.0,2400.0,14320.0,0.8324022346368715,0.16759776536312848,Medium
2024-06-07,6630.0,4600.0,6630.0,4600.0,11230.0,0.5903829029385574,0.40961709706144256,Medium
2024-06-08,4702.0,0.0,4702.0,0.0,4702.0,1.0,0.0,Medium
2024-06-09,2734.0,40.0,2734.0,40.0,2774.0,0.9855803893294881,0.014419610670511895,Medium
2024-06-10,12398.0,800.0,12398.0,800.0,13198.0,0.9393847552659493,0.06061524473405061,Medium
2024-06-11,7683.0,0.0,7683.0,0.0,7683.0,1.0,0.0,Medium
2024-06-12,11538.0,0.0,11538.0,0.0,11538.0,1.0,0.0,Medium
2024-06-13,4312.0,500.0,4312.0,500.0,4812.0,0.8960931005818786,0.10390689941812137,Medium
2024-06-14,8591.0,12.0,8591.0,12.0,8603.0,0.9986051377426479,0.0013948622573520864,Medium
2024-06-15,4053.0,2750.0,4053.0,2750.0,6803.0,0.5957665735704836,0.4042334264295164,Medium
2024-06-16,2180.0,100.0,2180.0,100.0,2280.0,0.956140350877193,0.043859649122807015,Medium
2024-06-17,9739.0,0.0,9739.0,0.0,9739.0,1.0,0.0,Medium
2024-06-18,6116.0,570.0,6116.0,570.0,6686.0,0.9147472330242298,0.08525276697577026,Medium
2024-06-19,19578.0,1000.0,19578.0,1000.0,20578.0,0.9514044124793469,0.04859558752065313,Medium
2024-06-20,3836.0,100.0,3836.0,100.0,3936.0,0.9745934959349594,0.02540650406504065,Medium
2024-06-21,6399.0,4420.0,6399.0,4420.0,10819.0,0.5914594694518902,0.4085405305481098,Medium
2024-06-22,2384.0,1000.0,2384.0,1000.0,3384.0,0.7044917257683215,0.29550827423167847,Medium
2024-06-23,3874.0,0.0,3874.0,0.0,3874.0,1.0,0.0,Medium
2024-06-24,16967.0,540.0,16967.0,540.0,17507.0,0.9691551950648312,0.03084480493516879,Medium
2024-06-25,12674.0,0.0,12674.0,0.0,12674.0,1.0,0.0,Medium
2024-06-26,16191.0,2050.0,16191.0,2050.0,18241.0,0.887615810536703,0.11238418946329697,Medium
2024-06-27,5237.0,2262.0,5237.0,2262.0,7499.0,0.6983597813041739,0.30164021869582613,Medium
2024-06-28,12866.0,4158.0,12866.0,4158.0,17024.0,0.7557565789473685,0.24424342105263158,Medium
2024-06-29,9708.0,0.0,9708.0,0.0,9708.0,1.0,0.0,Medium
2024-06-30,31878.0,2000.0,31878.0,2000.0,33878.0,0.9409646378180531,0.059035362181946986,Medium
2024-07-01,6551.0,0.0,6551.0,0.0,6551.0,1.0,0.0,Medium
2024-07-02,5976.0,460.0,5976.0,460.0,6436.0,0.9285270354257302,0.07147296457426973,Medium
2024-07-03,5051.0,0.0,5051.0,0.0,5051.0,1.0,0.0,Medium
2024-07-04,3289.0,144.0,3289.0,144.0,3433.0,0.9580541800174774,0.04194581998252257,Medium
2024-07-05,10320.0,100.0,10320.0,100.0,10420.0,0.9904030710172744,0.009596928982725527,Medium
2024-07-06,4157.0,352.0,4157.0,352.0,4509.0,0.9219339099578621,0.07806609004213795,Medium
2024-07-07,3339.0,0.0,3339.0,0.0,3339.0,1.0,0.0,Medium
2024-07-08,8009.0,40.0,8009.0,40.0,8049.0,0.9950304385637967,0.004969561436203255,Medium
2024-07-09,12472.0,800.0,12472.0,800.0,13272.0,0.9397227245328511,0.06027727546714889,Medium
2024-07-10,3504.0,20.0,3504.0,20.0,3524.0,0.9943246311010215,0.0056753688989784334,Medium
2024-07-11,6084.0,20.0,6084.0,20.0,6104.0,0.9967234600262124,0.00327653997378768,Medium
2024-07-12,11799.0,40.0,11799.0,40.0,11839.0,0.9966213362615086,0.0033786637384914265,Medium
2024-07-13,4452.0,200.0,4452.0,200.0,4652.0,0.9570077386070507,0.04299226139294927,Medium
2024-07-14,3302.0,500.0,3302.0,500.0,3802.0,0.8684902682798528,0.1315097317201473,Medium
2024-07-15,9154.0,5260.0,9154.0,5260.0,14414.0,0.6350770084639933,0.36492299153600666,Medium
2024-07-16,9340.0,104.0,9340.0,104.0,9444.0,0.9889877170690385,0.011012282930961457,Medium
2024-07-17,14381.0,20.0,14381.0,20.0,14401.0,0.9986112075550309,0.0013887924449690993,Medium
2024-07-18,6220.0,312.0,6220.0,312.0,6532.0,0.9522351500306185,0.047764849969381504,Medium
2024-07-19,17841.0,310.0,17841.0,310.0,18151.0,0.9829210511817531,0.01707894881824693,Medium
2024-07-20,7391.0,510.0,7391.0,510.0,7901.0,0.9354512087077586,0.06454879129224149,Medium
2024-07-21,14449.0,1536.0,14449.0,1536.0,15985.0,0.9039099155458242,0.09609008445417579,Medium
2024-07-22,22986.0,596.0,22986.0,596.0,23582.0,0.9747264863031125,0.025273513696887455,Medium
2024-07-23,37379.0,1344.0,37379.0,1344.0,38723.0,0.9652919453554735,0.03470805464452651,Medium
2024-07-24,18668.0,4900.0,18668.0,4900.0,23568.0,0.792090970807875,0.20790902919212492,Medium
2024-07-25,6605.0,890.0,6605.0,890.0,7495.0,0.8812541694462975,0.11874583055370247,Medium
2024-07-26,10326.0,2716.0,10326.0,2716.0,13042.0,0.7917497316362521,0.20825026836374788,Medium
2024-07-27,6575.0,376.0,6575.0,376.0,6951.0,0.9459070637318372,0.054092936268162854,Medium
2024-07-28,9778.0,1170.0,9778.0,1170.0,10948.0,0.8931311655096821,0.10686883449031787,Medium
2024-07-29,17052.0,612.0,17052.0,612.0,17664.0,0.9653532608695652,0.034646739130434784,Medium
2024-07-30,23301.0,5308.0,23301.0,5308.0,28609.0,0.8144639798664756,0.1855360201335244,Medium
2024-07-31,21112.0,1882.0,21112.0,1882.0,22994.0,0.9181525615377925,0.08184743846220753,Medium
2024-08-01,8169.0,652.0,8169.0,652.0,8821.0,0.9260854778369799,0.07391452216302007,Medium
2024-08-02,6831.0,362.0,6831.0,362.0,7193.0,0.949673293479772,0.050326706520228,Medium
2024-08-03,5026.0,382.0,5026.0,382.0,5408.0,0.9293639053254438,0.07063609467455621,Medium
2024-08-04,7752.0,372.0,7752.0,372.0,8124.0,0.9542097488921714,0.04579025110782865,Medium
2024-08-05,13398.0,114.0,13398.0,114.0,13512.0,0.9915630550621669,0.008436944937833037,Medium
2024-08-06,7551.0,730.0,7551.0,730.0,8281.0,0.9118463953628789,0.08815360463712112,Medium
2024-08-07,24070.0,1126.0,24070.0,1126.0,25196.0,0.955310366724877,0.044689633275123035,Medium
2024-08-08,11649.0,7320.0,11649.0,7320.0,18969.0,0.6141072275818441,0.38589277241815595,Medium
2024-08-09,7331.0,988.0,7331.0,988.0,8319.0,0.8812357254477702,0.11876427455222983,Medium
2024-08-10,7503.0,920.0,7503.0,920.0,8423.0,0.8907752582215362,0.10922474177846372,Medium
2024-08-11,7883.0,986.0,7883.0,986.0,8869.0,0.8888262487315368,0.11117375126846318,Medium
2024-08-12,26190.0,932.0,26190.0,932.0,27122.0,0.9656367524518841,0.03436324754811592,Medium
2024-08-13,12560.0,1996.0,12560.0,1996.0,14556.0,0.8628744160483649,0.13712558395163507,Medium
2024-08-14,18006.0,2072.0,18006.0,2072.0,20078.0,0.8968024703655743,0.10319752963442574,Medium
2024-08-15,32461.0,1674.0,32461.0,1674.0,34135.0,0.9509594258092866,0.049040574190713344,Medium
2024-08-16,13953.0,2052.0,13953.0,2052.0,16005.0,0.8717900656044986,0.1282099343955014,Medium
2024-08-17,11177.0,1198.0,11177.0,1198.0,12375.0,0.9031919191919192,0.0968080808080808,Medium
2024-08-18,9857.0,830.0,9857.0,830.0,10687.0,0.9223355478618883,0.07766445213811173,Medium
2024-08-19,11175.0,804.0,11175.0,804.0,11979.0,0.9328825444527924,0.06711745554720762,Medium
2024-08-20,20606.0,14722.0,20606.0,14722.0,35328.0,0.5832767210144928,0.41672327898550726,Medium
2024-08-21,15975.0,706.0,15975.0,706.0,16681.0,0.9576763982974642,0.04232360170253582,Medium
2024-08-22,17457.0,426.0,17457.0,426.0,17883.0,0.9761784935413521,0.02382150645864788,Medium
2024-08-23,23691.0,6202.0,23691.0,6202.0,29893.0,0.7925266784866022,0.20747332151339778,Medium
2024-08-24,8770.0,2178.0,8770.0,2178.0,10948.0,0.8010595542564852,0.1989404457435148,Medium
2024-08-25,10493.0,1050.0,10493.0,1050.0,11543.0,0.9090357792601577,0.09096422073984232,Medium
2024-08-26,21250.0,3336.0,21250.0,3336.0,24586.0,0.8643130236720085,0.13568697632799154,Medium
2024-08-27,15208.0,984.0,15208.0,984.0,16192.0,0.9392292490118577,0.060770750988142296,Medium
2024-08-28,32270.0,6580.0,32270.0,6580.0,38850.0,0.8306306306306306,0.16936936936936936,Medium
2024-08-29,22726.0,4126.0,22726.0,4126.0,26852.0,0.8463429167287353,0.1536570832712647,Medium
2024-08-30,13727.0,8134.0,13727.0,8134.0,21861.0,0.627921869996798,0.37207813000320206,Medium
2024-08-31,21401.0,1764.0,21401.0,1764.0,23165.0,0.9238506367364558,0.07614936326354414,Medium
2024-09-01,9698.0,1814.0,9698.0,1814.0,11512.0,0.8424252953439889,0.15757470465601112,Medium
2024-09-02,11130.0,2232.0,11130.0,2232.0,13362.0,0.8329591378536148,0.16704086214638528,Medium
2024-09-03,20321.0,2042.0,20321.0,2042.0,22363.0,0.9086884586146761,0.09131154138532398,Medium
2024-09-04,21493.0,3750.0,21493.0,3750.0,25243.0,0.851443964663471,0.14855603533652895,Medium
2024-09-05,28772.0,1802.0,28772.0,1802.0,30574.0,0.9410610322496239,0.05893896775037614,Medium
2024-09-06,24892.0,8920.0,24892.0,8920.0,33812.0,0.7361883355021885,0.2638116644978114,Medium
2024-09-07,9035.0,1666.0,9035.0,1666.0,10701.0,0.8443136155499485,0.1556863844500514,Medium
2024-09-08,12673.0,2122.0,12673.0,2122.0,14795.0,0.8565731666103413,0.14342683338965867,Medium
2024-09-09,22190.0,3292.0,22190.0,3292.0,25482.0,0.8708107683855271,0.12918923161447296,Medium
2024-09-10,16283.0,1536.0,16283.0,1536.0,17819.0,0.9137998765362815,0.0862001234637185,Medium
2024-09-11,14868.0,1144.0,14868.0,1144.0,16012.0,0.9285535848113915,0.07144641518860854,Medium
2024-09-12,38991.0,21560.0,38991.0,21560.0,60551.0,0.6439365163250813,0.3560634836749187,Medium
2024-09-13,15171.0,2152.0,15171.0,2152.0,17323.0,0.8757720949027304,0.12422790509726953,Medium
2024-09-14,16040.0,5792.0,16040.0,5792.0,21832.0,0.7347013558079882,0.2652986441920117,Medium
2024-09-15,13500.0,3694.0,13500.0,3694.0,17194.0,0.7851576131208561,0.2148423868791439,Medium
2024-09-16,29041.0,2788.0,29041.0,2788.0,31829.0,0.9124069245028119,0.0875930754971881,Medium
2024-09-17,18076.0,12458.0,18076.0,12458.0,30534.0,0.5919958079517914,0.40800419204820854,Medium
2024-09-18,34464.0,4944.0,34464.0,4944.0,39408.0,0.8745432399512789,0.12545676004872108,Medium
2024-09-19,30397.0,8036.0,30397.0,8036.0,38433.0,0.7909088543699425,0.2090911456300575,Medium
2024-09-20,27622.0,2836.0,27622.0,2836.0,30458.0,0.906888173878784,0.0931118261212161,Medium
2024-09-21,22618.0,1616.0,22618.0,1616.0,24234.0,0.9333168275975902,0.06668317240240984,Medium
2024-09-22,19553.0,1084.0,19553.0,1084.0,20637.0,0.9474729854145467,0.052527014585453315,Medium
2024-09-23,28331.0,9208.0,28331.0,9208.0,37539.0,0.7547084365593116,0.24529156344068834,Medium
2024-09-24,27201.0,5574.0,27201.0,5574.0,32775.0,0.8299313501144164,0.1700686498855835,Medium
2024-09-25,36258.0,3568.0,36258.0,3568.0,39826.0,0.910410284738613,0.08958971526138704,Medium
2024-09-26,23140.0,19460.0,23140.0,19460.0,42600.0,0.5431924882629108,0.4568075117370892,Medium
2024-09-27,24967.0,2940.0,24967.0,2940.0,27907.0,0.8946500877915935,0.10534991220840649,Medium
2024-09-28,16099.0,1176.0,16099.0,1176.0,17275.0,0.9319247467438495,0.0680752532561505,Medium
2024-09-29,13046.0,4330.0,13046.0,4330.0,17376.0,0.7508057090239411,0.24919429097605894,Medium
2024-09-30,61049.0,7318.0,61049.0,7318.0,68367.0,0.8929600538271388,0.10703994617286118,Medium
2024-10-01,19128.0,5288.0,19128.0,5288.0,24416.0,0.7834207077326344,0.21657929226736566,Medium
2024-10-02,41204.0,1544.0,41204.0,1544.0,42748.0,0.9638813511743239,0.03611864882567605,Medium
2024-10-03,23281.0,4366.0,23281.0,4366.0,27647.0,0.8420805150649256,0.15791948493507432,Medium
2024-10-04,29096.0,5700.0,29096.0,5700.0,34796.0,0.8361880675939763,0.16381193240602368,Medium
2024-10-05,19956.0,3156.0,19956.0,3156.0,23112.0,0.8634475597092419,0.13655244029075805,Medium
2024-10-06,23820.0,12090.0,23820.0,12090.0,35910.0,0.6633249791144528,0.3366750208855472,Medium
2024-10-07,30768.0,6670.0,30768.0,6670.0,37438.0,0.8218387734387521,0.17816122656124794,Medium
2024-10-08,43140.0,20674.0,43140.0,20674.0,63814.0,0.6760272040618046,0.3239727959381954,Medium
2024-10-09,48434.0,23356.0,48434.0,23356.0,71790.0,0.67466220922134,0.32533779077866,Medium
2024-10-10,43833.0,14250.0,43833.0,14250.0,58083.0,0.7546614327772326,0.24533856722276742,Medium
2024-10-11,53873.0,7074.0,53873.0,7074.0,60947.0,0.8839319408666546,0.11606805913334536,Medium
2024-10-12,30594.0,6820.0,30594.0,6820.0,37414.0,0.8177152937403112,0.1822847062596889,Medium
2024-10-13,44380.0,12872.0,44380.0,12872.0,57252.0,0.7751694263955844,0.22483057360441558,Medium
2024-10-14,58259.0,10454.0,58259.0,10454.0,68713.0,0.8478599391672609,0.15214006083273907,Medium
2024-10-15,44323.0,9280.0,44323.0,9280.0,53603.0,0.82687536145365,0.17312463854635002,Medium
2024-10-16,72164.0,14134.0,72164.0,14134.0,86298.0,0.8362186840946487,0.16378131590535122,Medium
2024-10-17,31290.0,14740.0,31290.0,14740.0,46030.0,0.6797740603953943,0.3202259396046057,Medium
2024-10-18,50623.0,13402.0,50623.0,13402.0,64025.0,0.790675517376025,0.20932448262397502,Medium
2024-10-19,31839.0,34712.0,31839.0,34712.0,66551.0,0.47841505011194424,0.5215849498880558,Medium
2024-10-20,25656.0,5692.0,25656.0,5692.0,31348.0,0.8184254178894985,0.18157458211050148,Medium
2024-10-21,37273.0,9184.0,37273.0,9184.0,46457.0,0.8023118152269841,0.19768818477301592,Medium
2024-10-22,54406.0,9346.0,54406.0,9346.0,63752.0,0.8534006776258,0.14659932237420004,Medium
2024-10-23,56264.0,30530.0,56264.0,30530.0,86794.0,0.6482475747171463,0.35175242528285366,Medium
2024-10-24,47071.0,14512.0,47071.0,14512.0,61583.0,0.7643505512885049,0.23564944871149507,Medium
2024-10-25,40299.0,10122.0,40299.0,10122.0,50421.0,0.7992503123698459,0.2007496876301541,Medium
2024-10-26,39555.0,4072.0,39555.0,4072.0,43627.0,0.9066633048341624,0.09333669516583767,Medium
2024-10-27,50605.0,9294.0,50605.0,9294.0,59899.0,0.8448388120002004,0.15516118799979967,Medium
2024-10-28,66690.0,14004.0,66690.0,14004.0,80694.0,0.826455498550078,0.17354450144992192,Medium
2024-10-29,53030.0,12686.0,53030.0,12686.0,65716.0,0.806957209811918,0.19304279018808204,Medium
2024-10-30,49482.0,10782.0,49482.0,10782.0,60264.0,0.8210872162485066,0.17891278375149344,Medium
2024-10-31,58906.0,21570.0,58906.0,21570.0,80476.0,0.7319697798101297,0.26803022018987027,Medium
2024-11-01,36109.0,8224.0,36109.0,8224.0,44333.0,0.8144948458259085,0.18550515417409152,Medium
2024-11-02,33734.0,8126.0,33734.0,8126.0,41860.0,0.8058767319636885,0.19412326803631152,Medium
2024-11-03,33282.0,9726.0,33282.0,9726.0,43008.0,0.7738560267857143,0.22614397321428573,Medium
2024-11-04,27217.0,5642.0,27217.0,5642.0,32859.0,0.828296661493046,0.17170333850695396,Medium
2024-11-05,9992.0,6932.0,9992.0,6932.0,16924.0,0.5904041597731032,0.4095958402268967,Medium
2024-04-03,39599.0,6866.0,39599.0,6866.0,46465.0,0.8522328634456042,0.14776713655439577,Large
2024-04-04,25610.0,17410.0,25610.0,17410.0,43020.0,0.595304509530451,0.40469549046954906,Large
2024-04-05,28443.0,2354.0,28443.0,2354.0,30797.0,0.9235639835048869,0.07643601649511315,Large
2024-04-06,19310.0,12030.0,19310.0,12030.0,31340.0,0.6161455009572432,0.38385449904275687,Large
2024-04-07,12622.0,21850.0,12622.0,21850.0,34472.0,0.3661522394987236,0.6338477605012764,Large
2024-04-08,36371.0,19890.0,36371.0,19890.0,56261.0,0.6464691349247258,0.35353086507527415,Large
2024-04-09,25965.0,31816.0,25965.0,31816.0,57781.0,0.4493691697962998,0.5506308302037002,Large
2024-04-10,68956.0,33914.0,68956.0,33914.0,102870.0,0.6703217653348887,0.3296782346651113,Large
2024-04-11,24919.0,1700.0,24919.0,1700.0,26619.0,0.936135842819039,0.06386415718096097,Large
2024-04-12,16650.0,32510.0,16650.0,32510.0,49160.0,0.3386899918633035,0.6613100081366965,Large
2024-04-13,15262.0,38.0,15262.0,38.0,15300.0,0.997516339869281,0.0024836601307189543,Large
2024-04-14,13932.0,24.0,13932.0,24.0,13956.0,0.998280309544282,0.0017196904557179708,Large
2024-04-15,24216.0,6074.0,24216.0,6074.0,30290.0,0.7994717728623308,0.20052822713766918,Large
2024-04-16,17832.0,2162.0,17832.0,2162.0,19994.0,0.8918675602680805,0.10813243973191958,Large
2024-04-17,28202.0,34224.0,28202.0,34224.0,62426.0,0.45176689200012815,0.5482331079998718,Large
2024-04-18,27419.0,74294.0,27419.0,74294.0,101713.0,0.26957222773883377,0.7304277722611662,Large
2024-04-19,29228.0,111422.0,29228.0,111422.0,140650.0,0.2078066121578386,0.7921933878421614,Large
2024-04-20,11253.0,2116.0,11253.0,2116.0,13369.0,0.8417233899319321,0.15827661006806792,Large
2024-04-21,7566.0,8014.0,7566.0,8014.0,15580.0,0.48562259306803596,0.5143774069319641,Large
2024-04-22,63074.0,100934.0,63074.0,100934.0,164008.0,0.3845788010340959,0.6154211989659041,Large
2024-04-23,47752.0,100076.0,47752.0,100076.0,147828.0,0.3230240549828179,0.6769759450171822,Large
2024-04-24,47431.0,12776.0,47431.0,12776.0,60207.0,0.7877987609414188,0.21220123905858124,Large
2024-04-25,20992.0,27080.0,20992.0,27080.0,48072.0,0.43667831585954403,0.563321684140456,Large
2024-04-26,34636.0,5382.0,34636.0,5382.0,40018.0,0.8655105202658804,0.13448947973411965,Large
2024-04-27,10157.0,3616.0,10157.0,3616.0,13773.0,0.7374573440789951,0.26254265592100484,Large
2024-04-28,18768.0,4534.0,18768.0,4534.0,23302.0,0.8054244270878036,0.19457557291219638,Large
2024-04-29,37294.0,33450.0,37294.0,33450.0,70744.0,0.5271683817708922,0.47283161822910774,Large
2024-04-30,48178.0,12848.0,48178.0,12848.0,61026.0,0.789466784649166,0.21053321535083408,Large
2024-05-01,40854.0,50794.0,40854.0,50794.0,91648.0,0.4457707751396648,0.5542292248603352,Large
2024-05-02,30091.0,20840.0,30091.0,20840.0,50931.0,0.5908189511299602,0.40918104887003987,Large
2024-05-03,33548.0,73658.0,33548.0,73658.0,107206.0,0.3129302464414305,0.6870697535585695,Large
2024-05-04,16289.0,716.0,16289.0,716.0,17005.0,0.9578947368421052,0.042105263157894736,Large
2024-05-05,6013.0,21200.0,6013.0,21200.0,27213.0,0.22096057031565797,0.779039429684342,Large
2024-05-06,23261.0,8328.0,23261.0,8328.0,31589.0,0.736363924150812,0.263636075849188,Large
2024-05-07,24088.0,46876.0,24088.0,46876.0,70964.0,0.33943971591229355,0.6605602840877064,Large
2024-05-08,91295.0,5646.0,91295.0,5646.0,96941.0,0.9417583891232811,0.05824161087671883,Large
2024-05-09,22041.0,6996.0,22041.0,6996.0,29037.0,0.7590660192168612,0.24093398078313874,Large
2024-05-10,29738.0,92734.0,29738.0,92734.0,122472.0,0.24281468417270888,0.7571853158272911,Large
2024-05-11,5458.0,6890.0,5458.0,6890.0,12348.0,0.4420149011985747,0.5579850988014253,Large
2024-05-12,20025.0,580.0,20025.0,580.0,20605.0,0.9718514923562243,0.028148507643775782,Large
2024-05-13,40013.0,24414.0,40013.0,24414.0,64427.0,0.6210594936905335,0.3789405063094665,Large
2024-05-14,40801.0,48798.0,40801.0,48798.0,89599.0,0.45537338586368153,0.5446266141363185,Large
2024-05-15,51012.0,57740.0,51012.0,57740.0,108752.0,0.46906723554509344,0.5309327644549066,Large
2024-05-16,18105.0,41616.0,18105.0,41616.0,59721.0,0.3031596925704526,0.6968403074295474,Large
2024-05-17,21253.0,19836.0,21253.0,19836.0,41089.0,0.5172430577526832,0.4827569422473168,Large
2024-05-18,13346.0,8160.0,13346.0,8160.0,21506.0,0.6205710034409002,0.3794289965590998,Large
2024-05-19,17874.0,1114.0,17874.0,1114.0,18988.0,0.9413313671792711,0.05866863282072888,Large
2024-05-20,23636.0,29536.0,23636.0,29536.0,53172.0,0.44451967200782366,0.5554803279921763,Large
2024-05-21,20525.0,29354.0,20525.0,29354.0,49879.0,0.4114958198841196,0.5885041801158805,Large
2024-05-22,24067.0,144026.0,24067.0,144026.0,168093.0,0.14317669385399748,0.8568233061460026,Large
2024-05-23,12965.0,43176.0,12965.0,43176.0,56141.0,0.23093639229796406,0.769063607702036,Large
2024-05-24,40756.0,5698.0,40756.0,5698.0,46454.0,0.8773410255306324,0.12265897446936755,Large
2024-05-25,16064.0,19740.0,16064.0,19740.0,35804.0,0.4486649536364652,0.5513350463635348,Large
2024-05-26,10592.0,1604.0,10592.0,1604.0,12196.0,0.8684814693342079,0.13151853066579205,Large
2024-05-27,20842.0,18778.0,20842.0,18778.0,39620.0,0.5260474507824331,0.4739525492175669,Large
2024-05-28,36748.0,108006.0,36748.0,108006.0,144754.0,0.25386517816433396,0.746134821835666,Large
2024-05-29,18005.0,3394.0,18005.0,3394.0,21399.0,0.8413944576849386,0.15860554231506147,Large
2024-05-30,33821.0,16888.0,33821.0,16888.0,50709.0,0.6669624721449842,0.3330375278550159,Large
2024-05-31,56760.0,29706.0,56760.0,29706.0,86466.0,0.656442994934425,0.3435570050655749,Large
2024-06-01,21831.0,1842.0,21831.0,1842.0,23673.0,0.9221898365226207,0.07781016347737929,Large
2024-06-02,9977.0,50612.0,9977.0,50612.0,60589.0,0.164666853719322,0.835333146280678,Large
2024-06-03,28173.0,83876.0,28173.0,83876.0,112049.0,0.25143464020205447,0.7485653597979456,Large
2024-06-04,38693.0,4502.0,38693.0,4502.0,43195.0,0.8957749739553189,0.10422502604468109,Large
2024-06-05,24338.0,18330.0,24338.0,18330.0,42668.0,0.5704040498734415,0.42959595012655855,Large
2024-06-06,54204.0,51816.0,54204.0,51816.0,106020.0,0.511262026032824,0.488737973967176,Large
2024-06-07,30765.0,52174.0,30765.0,52174.0,82939.0,0.37093526567718443,0.6290647343228155,Large
2024-06-08,11710.0,5982.0,11710.0,5982.0,17692.0,0.6618810761926295,0.3381189238073706,Large
2024-06-09,14767.0,4700.0,14767.0,4700.0,19467.0,0.7585657779832538,0.24143422201674627,Large
2024-06-10,36267.0,8140.0,36267.0,8140.0,44407.0,0.8166955660143671,0.1833044339856329,Large
2024-06-11,10767.0,9596.0,10767.0,9596.0,20363.0,0.5287531306781909,0.47124686932180915,Large
2024-06-12,48017.0,9710.0,48017.0,9710.0,57727.0,0.8317944809188075,0.16820551908119252,Large
2024-06-13,36344.0,6438.0,36344.0,6438.0,42782.0,0.8495161516525641,0.15048384834743583,Large
2024-06-14,27610.0,15604.0,27610.0,15604.0,43214.0,0.6389133151293562,0.36108668487064377,Large
2024-06-15,15539.0,70236.0,15539.0,70236.0,85775.0,0.18116001165840862,0.8188399883415913,Large
2024-06-16,21055.0,250.0,21055.0,250.0,21305.0,0.9882656653367754,0.011734334663224596,Large
2024-06-17,37293.0,3250.0,37293.0,3250.0,40543.0,0.9198381964827467,0.08016180351725329,Large
2024-06-18,55087.0,23840.0,55087.0,23840.0,78927.0,0.6979487374409264,0.30205126255907355,Large
2024-06-19,50633.0,8522.0,50633.0,8522.0,59155.0,0.8559377905502493,0.14406220944975065,Large
2024-06-20,25725.0,31296.0,25725.0,31296.0,57021.0,0.4511495764718262,0.5488504235281738,Large
2024-06-21,35274.0,175228.0,35274.0,175228.0,210502.0,0.16757085443368708,0.8324291455663129,Large
2024-06-22,26981.0,8340.0,26981.0,8340.0,35321.0,0.7638798448515047,0.23612015514849524,Large
2024-06-23,18359.0,64.0,18359.0,64.0,18423.0,0.9965260815285242,0.0034739184714758726,Large
2024-06-24,51587.0,34464.0,51587.0,34464.0,86051.0,0.5994933237266272,0.4005066762733728,Large
2024-06-25,59577.0,19530.0,59577.0,19530.0,79107.0,0.7531191929917707,0.24688080700822937,Large
2024-06-26,63964.0,22192.0,63964.0,22192.0,86156.0,0.7424207251961558,0.2575792748038442,Large
2024-06-27,51757.0,160900.0,51757.0,160900.0,212657.0,0.24338253619678638,0.7566174638032136,Large
2024-06-28,82397.0,170194.0,82397.0,170194.0,252591.0,0.326207188696351,0.673792811303649,Large
2024-06-29,61348.0,30176.0,61348.0,30176.0,91524.0,0.6702941305012893,0.3297058694987107,Large
2024-06-30,145520.0,102198.0,145520.0,102198.0,247718.0,0.5874421721473612,0.4125578278526389,Large
2024-07-01,37740.0,16384.0,37740.0,16384.0,54124.0,0.6972877097036435,0.3027122902963565,Large
2024-07-02,44146.0,4478.0,44146.0,4478.0,48624.0,0.9079055610398157,0.09209443896018427,Large
2024-07-03,42450.0,61344.0,42450.0,61344.0,103794.0,0.40898317821839414,0.5910168217816059,Large
2024-07-04,21744.0,3024.0,21744.0,3024.0,24768.0,0.877906976744186,0.12209302325581395,Large
2024-07-05,27639.0,36450.0,27639.0,36450.0,64089.0,0.43125965454290127,0.5687403454570987,Large
2024-07-06,16607.0,2342.0,16607.0,2342.0,18949.0,0.8764050873397013,0.12359491266029869,Large
2024-07-07,17559.0,2480.0,17559.0,2480.0,20039.0,0.8762413294076551,0.12375867059234492,Large
2024-07-08,35410.0,5570.0,35410.0,5570.0,40980.0,0.8640800390434358,0.13591996095656417,Large
2024-07-09,44052.0,42518.0,44052.0,42518.0,86570.0,0.5088598821762735,0.49114011782372646,Large
2024-07-10,40016.0,2802.0,40016.0,2802.0,42818.0,0.9345602316782662,0.06543976832173386,Large
2024-07-11,29564.0,24282.0,29564.0,24282.0,53846.0,0.5490472829922372,0.4509527170077629,Large
2024-07-12,39923.0,10962.0,39923.0,10962.0,50885.0,0.7845730568929941,0.215426943107006,Large
2024-07-13,45916.0,12964.0,45916.0,12964.0,58880.0,0.7798233695652174,0.2201766304347826,Large
2024-07-14,14933.0,4524.0,14933.0,4524.0,19457.0,0.7674872796422881,0.23251272035771187,Large
2024-07-15,51847.0,69732.0,51847.0,69732.0,121579.0,0.42644700153809456,0.5735529984619054,Large
2024-07-16,37036.0,29314.0,37036.0,29314.0,66350.0,0.5581914091936699,0.44180859080633006,Large
2024-07-17,33930.0,6006.0,33930.0,6006.0,39936.0,0.849609375,0.150390625,Large
2024-07-18,27508.0,7190.0,27508.0,7190.0,34698.0,0.7927834457317424,0.20721655426825752,Large
2024-07-19,56869.0,47588.0,56869.0,47588.0,104457.0,0.5444249786993691,0.4555750213006309,Large
2024-07-20,38345.0,9036.0,38345.0,9036.0,47381.0,0.8092906439290011,0.19070935607099893,Large
2024-07-21,73079.0,4486.0,73079.0,4486.0,77565.0,0.9421646361116482,0.057835363888351705,Large
2024-07-22,83069.0,31020.0,83069.0,31020.0,114089.0,0.7281070041809464,0.2718929958190536,Large
2024-07-23,123865.0,9042.0,123865.0,9042.0,132907.0,0.931967465972447,0.0680325340275531,Large
2024-07-24,116726.0,84042.0,116726.0,84042.0,200768.0,0.5813974338540007,0.4186025661459994,Large
2024-07-25,48296.0,9202.0,48296.0,9202.0,57498.0,0.8399596507704615,0.16004034922953841,Large
2024-07-26,35655.0,8636.0,35655.0,8636.0,44291.0,0.8050168205730284,0.19498317942697163,Large
2024-07-27,37658.0,8508.0,37658.0,8508.0,46166.0,0.8157085300870771,0.18429146991292292,Large
2024-07-28,22299.0,6770.0,22299.0,6770.0,29069.0,0.7671058515944821,0.2328941484055179,Large
2024-07-29,77365.0,59272.0,77365.0,59272.0,136637.0,0.5662082744790943,0.4337917255209058,Large
2024-07-30,82967.0,168360.0,82967.0,168360.0,251327.0,0.33011574562223717,0.6698842543777629,Large
2024-07-31,85618.0,21480.0,85618.0,21480.0,107098.0,0.7994360305514575,0.20056396944854246,Large
2024-08-01,54402.0,35124.0,54402.0,35124.0,89526.0,0.6076670464446082,0.3923329535553917,Large
2024-08-02,29722.0,7026.0,29722.0,7026.0,36748.0,0.808805921410689,0.19119407858931098,Large
2024-08-03,18129.0,4876.0,18129.0,4876.0,23005.0,0.7880460769397957,0.2119539230602043,Large
2024-08-04,18450.0,10922.0,18450.0,10922.0,29372.0,0.628149257796541,0.3718507422034591,Large
2024-08-05,68851.0,82156.0,68851.0,82156.0,151007.0,0.45594575085923167,0.5440542491407683,Large
2024-08-06,52443.0,7210.0,52443.0,7210.0,59653.0,0.8791343268569896,0.12086567314301042,Large
2024-08-07,63493.0,45192.0,63493.0,45192.0,108685.0,0.5841928508993881,0.41580714910061184,Large
2024-08-08,59848.0,58466.0,59848.0,58466.0,118314.0,0.5058403908244163,0.4941596091755836,Large
2024-08-09,65612.0,9836.0,65612.0,9836.0,75448.0,0.869632064468243,0.13036793553175696,Large
2024-08-10,42017.0,9802.0,42017.0,9802.0,51819.0,0.8108415832030722,0.18915841679692777,Large
2024-08-11,32305.0,2478.0,32305.0,2478.0,34783.0,0.9287583014691084,0.07124169853089153,Large
2024-08-12,128304.0,52598.0,128304.0,52598.0,180902.0,0.7092458900399111,0.2907541099600889,Large
2024-08-13,88141.0,178148.0,88141.0,178148.0,266289.0,0.33099752524512843,0.6690024747548716,Large
2024-08-14,67032.0,59170.0,67032.0,59170.0,126202.0,0.5311484762523573,0.46885152374764266,Large
2024-08-15,109309.0,30186.0,109309.0,30186.0,139495.0,0.7836051471378902,0.21639485286210974,Large
2024-08-16,48526.0,24688.0,48526.0,24688.0,73214.0,0.6627967328652989,0.337203267134701,Large
2024-08-17,39098.0,11346.0,39098.0,11346.0,50444.0,0.7750773134565062,0.2249226865434938,Large
2024-08-18,36799.0,24942.0,36799.0,24942.0,61741.0,0.5960220922887547,0.40397790771124537,Large
2024-08-19,60562.0,55108.0,60562.0,55108.0,115670.0,0.5235756894613988,0.4764243105386012,Large
2024-08-20,50899.0,104082.0,50899.0,104082.0,154981.0,0.32842090320748996,0.67157909679251,Large
2024-08-21,84361.0,37564.0,84361.0,37564.0,121925.0,0.6919089604264917,0.3080910395735083,Large
2024-08-22,51367.0,22818.0,51367.0,22818.0,74185.0,0.692417604637056,0.307582395362944,Large
2024-08-23,44712.0,105448.0,44712.0,105448.0,150160.0,0.2977623867874267,0.7022376132125733,Large
2024-08-24,52984.0,16110.0,52984.0,16110.0,69094.0,0.7668393782383419,0.23316062176165803,Large
2024-08-25,39043.0,59514.0,39043.0,59514.0,98557.0,0.3961463924429518,0.6038536075570482,Large
2024-08-26,75171.0,90912.0,75171.0,90912.0,166083.0,0.45261104387565254,0.5473889561243475,Large
2024-08-27,84929.0,45988.0,84929.0,45988.0,130917.0,0.6487240007027353,0.35127599929726466,Large
2024-08-28,90023.0,86400.0,90023.0,86400.0,176423.0,0.5102679355866299,0.48973206441337014,Large
2024-08-29,79817.0,28942.0,79817.0,28942.0,108759.0,0.7338886896716593,0.2661113103283406,Large
2024-08-30,56333.0,103238.0,56333.0,103238.0,159571.0,0.3530278058043128,0.6469721941956872,Large
2024-08-31,56171.0,25770.0,56171.0,25770.0,81941.0,0.6855054246347982,0.3144945753652018,Large
2024-09-01,26500.0,24562.0,26500.0,24562.0,51062.0,0.5189769300066586,0.48102306999334143,Large
2024-09-02,19019.0,26640.0,19019.0,26640.0,45659.0,0.41654438336363037,0.5834556166363696,Large
2024-09-03,52864.0,55400.0,52864.0,55400.0,108264.0,0.4882878888642577,0.5117121111357422,Large
2024-09-04,74079.0,36264.0,74079.0,36264.0,110343.0,0.6713520567684402,0.32864794323155977,Large
2024-09-05,100012.0,74432.0,100012.0,74432.0,174444.0,0.5733186581367087,0.4266813418632914,Large
2024-09-06,91765.0,226918.0,91765.0,226918.0,318683.0,0.2879507221910174,0.7120492778089826,Large
2024-09-07,50482.0,23416.0,50482.0,23416.0,73898.0,0.6831308019161547,0.3168691980838453,Large
2024-09-08,47835.0,13014.0,47835.0,13014.0,60849.0,0.7861263126756397,0.2138736873243603,Large
2024-09-09,92439.0,26732.0,92439.0,26732.0,119171.0,0.7756836814325633,0.2243163185674367,Large
2024-09-10,59298.0,26556.0,59298.0,26556.0,85854.0,0.6906841847788106,0.30931581522118945,Large
2024-09-11,86316.0,42882.0,86316.0,42882.0,129198.0,0.6680908373194632,0.33190916268053683,Large
2024-09-12,112017.0,223340.0,112017.0,223340.0,335357.0,0.33402314548376805,0.665976854516232,Large
2024-09-13,52453.0,36640.0,52453.0,36640.0,89093.0,0.588744345795966,0.411255654204034,Large
2024-09-14,53589.0,79976.0,53589.0,79976.0,133565.0,0.4012203795904616,0.5987796204095385,Large
2024-09-15,47624.0,39478.0,47624.0,39478.0,87102.0,0.5467612683979702,0.4532387316020298,Large
2024-09-16,56679.0,55740.0,56679.0,55740.0,112419.0,0.5041763402983481,0.4958236597016519,Large
2024-09-17,64996.0,141724.0,64996.0,141724.0,206720.0,0.3144156346749226,0.6855843653250774,Large
2024-09-18,162755.0,27770.0,162755.0,27770.0,190525.0,0.8542448497572497,0.1457551502427503,Large
2024-09-19,84466.0,134038.0,84466.0,134038.0,218504.0,0.38656500567495333,0.6134349943250467,Large
2024-09-20,89527.0,57048.0,89527.0,57048.0,146575.0,0.6107931093296947,0.3892068906703053,Large
2024-09-21,47776.0,18408.0,47776.0,18408.0,66184.0,0.7218663120996011,0.2781336879003989,Large
2024-09-22,63086.0,33620.0,63086.0,33620.0,96706.0,0.6523483548073542,0.34765164519264574,Large
2024-09-23,122050.0,203688.0,122050.0,203688.0,325738.0,0.37468763239167674,0.6253123676083232,Large
2024-09-24,121594.0,78444.0,121594.0,78444.0,200038.0,0.6078545076435478,0.3921454923564523,Large
2024-09-25,116365.0,60730.0,116365.0,60730.0,177095.0,0.6570767102402665,0.34292328975973346,Large
2024-09-26,104938.0,237704.0,104938.0,237704.0,342642.0,0.306261345661069,0.693738654338931,Large
2024-09-27,107599.0,37610.0,107599.0,37610.0,145209.0,0.7409940155224538,0.25900598447754614,Large
2024-09-28,59311.0,50220.0,59311.0,50220.0,109531.0,0.5414996667610082,0.4585003332389917,Large
2024-09-29,64430.0,42394.0,64430.0,42394.0,106824.0,0.6031416161162285,0.3968583838837714,Large
2024-09-30,187697.0,208432.0,187697.0,208432.0,396129.0,0.4738279701814308,0.5261720298185693,Large
2024-10-01,49779.0,64824.0,49779.0,64824.0,114603.0,0.43436035705871573,0.5656396429412842,Large
2024-10-02,130444.0,44562.0,130444.0,44562.0,175006.0,0.7453687302149641,0.2546312697850359,Large
2024-10-03,90719.0,110632.0,90719.0,110632.0,201351.0,0.45055152445232455,0.5494484755476755,Large
2024-10-04,84284.0,37674.0,84284.0,37674.0,121958.0,0.6910903753751292,0.30890962462487087,Large
2024-10-05,52885.0,28530.0,52885.0,28530.0,81415.0,0.6495731744764478,0.35042682552355214,Large
2024-10-06,67775.0,211522.0,67775.0,211522.0,279297.0,0.24266282845859424,0.7573371715414058,Large
2024-10-07,108701.0,48434.0,108701.0,48434.0,157135.0,0.6917682247748751,0.3082317752251249,Large
2024-10-08,143121.0,176024.0,143121.0,176024.0,319145.0,0.44845133089974776,0.5515486691002522,Large
2024-10-09,177022.0,224168.0,177022.0,224168.0,401190.0,0.44124230414516813,0.5587576958548319,Large
2024-10-10,171480.0,140964.0,171480.0,140964.0,312444.0,0.54883435111572,0.45116564888428007,Large
2024-10-11,140926.0,132454.0,140926.0,132454.0,273380.0,0.5154949155022314,0.4845050844977687,Large
2024-10-12,89716.0,41660.0,89716.0,41660.0,131376.0,0.6828948970892705,0.3171051029107295,Large
2024-10-13,110532.0,77190.0,110532.0,77190.0,187722.0,0.5888068526864193,0.4111931473135807,Large
2024-10-14,183773.0,87930.0,183773.0,87930.0,271703.0,0.6763745707629286,0.3236254292370714,Large
2024-10-15,153859.0,77348.0,153859.0,77348.0,231207.0,0.6654599557971861,0.3345400442028139,Large
2024-10-16,218312.0,125126.0,218312.0,125126.0,343438.0,0.6356664084929449,0.36433359150705513,Large
2024-10-17,114022.0,127196.0,114022.0,127196.0,241218.0,0.4726927509555672,0.5273072490444328,Large
2024-10-18,131979.0,181934.0,131979.0,181934.0,313913.0,0.42043177568307144,0.5795682243169286,Large
2024-10-19,84585.0,146722.0,84585.0,146722.0,231307.0,0.3656828370952889,0.6343171629047111,Large
2024-10-20,44882.0,43904.0,44882.0,43904.0,88786.0,0.5055076250760255,0.4944923749239745,Large
2024-10-21,112305.0,161874.0,112305.0,161874.0,274179.0,0.4096046743186021,0.590395325681398,Large
2024-10-22,116521.0,101136.0,116521.0,101136.0,217657.0,0.5353423046352748,0.46465769536472523,Large
2024-10-23,184925.0,273588.0,184925.0,273588.0,458513.0,0.40331462793857537,0.5966853720614247,Large
2024-10-24,141397.0,141658.0,141397.0,141658.0,283055.0,0.4995389588595856,0.5004610411404145,Large
2024-10-25,116704.0,91492.0,116704.0,91492.0,208196.0,0.560548713712079,0.439451286287921,Large
2024-10-26,139921.0,39572.0,139921.0,39572.0,179493.0,0.779534577950115,0.22046542204988495,Large
2024-10-27,93708.0,58490.0,93708.0,58490.0,152198.0,0.6156979723780864,0.38430202762191357,Large
2024-10-28,250363.0,132054.0,250363.0,132054.0,382417.0,0.6546858534008687,0.3453141465991313,Large
2024-10-29,165350.0,198356.0,165350.0,198356.0,363706.0,0.4546254392283878,0.5453745607716123,Large
2024-10-30,145473.0,73062.0,145473.0,73062.0,218535.0,0.6656736907131581,0.3343263092868419,Large
2024-10-31,151807.0,147766.0,151807.0,147766.0,299573.0,0.5067445998137349,0.4932554001862651,Large
2024-11-01,75314.0,87478.0,75314.0,87478.0,162792.0,0.4626394417416089,0.5373605582583911,Large
2024-11-02,66269.0,74664.0,66269.0,74664.0,140933.0,0.47021634393648043,0.5297836560635195,Large
2024-11-03,77508.0,47476.0,77508.0,47476.0,124984.0,0.6201433783524292,0.3798566216475709,Large
2024-11-04,75796.0,56456.0,75796.0,56456.0,132252.0,0.5731179868735444,0.4268820131264556,Large
2024-11-05,38500.0,43260.0,38500.0,43260.0,81760.0,0.4708904109589041,0.5291095890410958,Large
