Year_Date,DEM,REP,Cumulative_DEM,Cumulative_REP,Total_Cumulative,Dem_Ratio,Rep_Ratio,Segment
2024-04-03,19411.0,23175.0,19411.0,23175.0,42586.0,0.4558070727469121,0.5441929272530879,All
2024-04-04,22993.0,4033.0,42404.0,27208.0,69612.0,0.6091478480721715,0.3908521519278285,All
2024-04-05,9123.0,17535.0,51527.0,44743.0,96270.0,0.5352342370416537,0.4647657629583463,All
2024-04-06,2800.0,4314.0,54327.0,49057.0,103384.0,0.525487502901803,0.474512497098197,All
2024-04-07,4286.0,10535.0,58613.0,59592.0,118205.0,0.4958588892178842,0.5041411107821158,All
2024-04-08,5986.0,10130.0,64599.0,69722.0,134321.0,0.4809300109439328,0.5190699890560672,All
2024-04-09,18808.0,21225.0,83407.0,90947.0,174354.0,0.4783773242942519,0.521622675705748,All
2024-04-10,10135.0,19024.0,93542.0,109971.0,203513.0,0.4596364851385415,0.5403635148614585,All
2024-04-11,36208.0,4003.0,129750.0,113974.0,243724.0,0.5323644778519965,0.4676355221480034,All
2024-04-12,9776.0,3763.0,139526.0,117737.0,257263.0,0.5423477142068622,0.4576522857931377,All
2024-04-13,10383.0,3910.0,149909.0,121647.0,271556.0,0.5520371488753701,0.4479628511246299,All
2024-04-14,8293.0,4554.0,158202.0,126201.0,284403.0,0.5562599550637651,0.4437400449362348,All
2024-04-15,20814.0,12475.0,179016.0,138676.0,317692.0,0.5634891656069401,0.4365108343930599,All
2024-04-16,37706.0,15951.0,216722.0,154627.0,371349.0,0.5836073343404722,0.4163926656595278,All
2024-04-17,19423.0,6070.0,236145.0,160697.0,396842.0,0.5950605026685684,0.4049394973314316,All
2024-04-18,16725.0,101136.0,252870.0,261833.0,514703.0,0.4912930369552926,0.5087069630447073,All
2024-04-19,21362.0,18792.0,274232.0,280625.0,554857.0,0.4942390561892523,0.5057609438107477,All
2024-04-20,5875.0,9641.0,280107.0,290266.0,570373.0,0.4910944241750574,0.5089055758249427,All
2024-04-21,16381.0,8532.0,296488.0,298798.0,595286.0,0.498059756150825,0.501940243849175,All
2024-04-22,14198.0,10697.0,310686.0,309495.0,620181.0,0.5009602035534787,0.4990397964465212,All
2024-04-23,15634.0,16923.0,326320.0,326418.0,652738.0,0.4999249315958317,0.5000750684041683,All
2024-04-24,12993.0,115974.0,339313.0,442392.0,781705.0,0.4340678388906301,0.56593216110937,All
2024-04-25,16699.0,12186.0,356012.0,454578.0,810590.0,0.4392010757596318,0.5607989242403681,All
2024-04-26,19585.0,24413.0,375597.0,478991.0,854588.0,0.4395065224412231,0.5604934775587769,All
2024-04-27,9033.0,3959.0,384630.0,482950.0,867580.0,0.4433366375435118,0.5566633624564882,All
2024-04-28,6906.0,6449.0,391536.0,489399.0,880935.0,0.4444550392480716,0.5555449607519284,All
2024-04-29,21291.0,9520.0,412827.0,498919.0,911746.0,0.4527872894424544,0.5472127105575456,All
2024-04-30,16178.0,11013.0,429005.0,509932.0,938937.0,0.4569049893656337,0.5430950106343663,All
2024-05-01,8623.0,27954.0,437628.0,537886.0,975514.0,0.4486127313395809,0.551387268660419,All
2024-05-02,21037.0,31842.0,458665.0,569728.0,1028393.0,0.4460016744571384,0.5539983255428615,All
2024-05-03,8083.0,6565.0,466748.0,576293.0,1043041.0,0.4474876826510175,0.5525123173489824,All
2024-05-04,10911.0,5010.0,477659.0,581303.0,1058962.0,0.4510633998198236,0.5489366001801764,All
2024-05-05,13274.0,3952.0,490933.0,585255.0,1076188.0,0.4561777310284077,0.5438222689715924,All
2024-05-06,14966.0,11624.0,505899.0,596879.0,1102778.0,0.4587496304786639,0.5412503695213361,All
2024-05-07,19521.0,5239.0,525420.0,602118.0,1127538.0,0.465988729426414,0.534011270573586,All
2024-05-08,30362.0,11951.0,555782.0,614069.0,1169851.0,0.4750878530684677,0.5249121469315323,All
2024-05-09,31000.0,21911.0,586782.0,635980.0,1222762.0,0.4798824301049591,0.5201175698950409,All
2024-05-10,29040.0,114149.0,615822.0,750129.0,1365951.0,0.4508375483454384,0.5491624516545616,All
2024-05-11,6054.0,18007.0,621876.0,768136.0,1390012.0,0.4473889434048051,0.5526110565951948,All
2024-05-12,7458.0,28264.0,629334.0,796400.0,1425734.0,0.4414105295938794,0.5585894704061206,All
2024-05-13,10444.0,48909.0,639778.0,845309.0,1485087.0,0.4308016971396288,0.5691983028603711,All
2024-05-14,101957.0,126404.0,741735.0,971713.0,1713448.0,0.4328902890545846,0.5671097109454153,All
2024-05-15,263724.0,20478.0,1005459.0,992191.0,1997650.0,0.5033209020599204,0.4966790979400796,All
2024-05-16,51814.0,7680.0,1057273.0,999871.0,2057144.0,0.5139518672489627,0.4860481327510373,All
2024-05-17,26189.0,5635.0,1083462.0,1005506.0,2088968.0,0.5186589741920412,0.4813410258079588,All
2024-05-18,31027.0,11002.0,1114489.0,1016508.0,2130997.0,0.5229894739410708,0.4770105260589292,All
2024-05-19,22744.0,2251.0,1137233.0,1018759.0,2155992.0,0.5274755193896823,0.4725244806103176,All
2024-05-20,18755.0,65194.0,1155988.0,1083953.0,2239941.0,0.5160796645983086,0.4839203354016914,All
2024-05-21,24477.0,13549.0,1180465.0,1097502.0,2277967.0,0.5182098774916406,0.4817901225083594,All
2024-05-22,36725.0,16586.0,1217190.0,1114088.0,2331278.0,0.5221127639003156,0.4778872360996843,All
2024-05-23,19256.0,39614.0,1236446.0,1153702.0,2390148.0,0.5173093883726029,0.4826906116273971,All
2024-05-24,13608.0,7897.0,1250054.0,1161599.0,2411653.0,0.5183390811198791,0.4816609188801208,All
2024-05-25,15320.0,684.0,1265374.0,1162283.0,2427657.0,0.5212326123500972,0.4787673876499028,All
2024-05-26,9672.0,11715.0,1275046.0,1173998.0,2449044.0,0.5206300907619463,0.4793699092380537,All
2024-05-27,13142.0,3947.0,1288188.0,1177945.0,2466133.0,0.5223513898074434,0.4776486101925565,All
2024-05-28,14975.0,14692.0,1303163.0,1192637.0,2495800.0,0.5221423992307076,0.4778576007692924,All
2024-05-29,15661.0,26294.0,1318824.0,1218931.0,2537755.0,0.5196813719212453,0.4803186280787546,All
2024-05-30,20475.0,30295.0,1339299.0,1249226.0,2588525.0,0.5173985184612858,0.4826014815387141,All
2024-05-31,30801.0,48328.0,1370100.0,1297554.0,2667654.0,0.5135973405846486,0.4864026594153515,All
2024-06-01,5355.0,11620.0,1375455.0,1309174.0,2684629.0,0.5123445362469079,0.4876554637530921,All
2024-06-02,8807.0,5835.0,1384262.0,1315009.0,2699271.0,0.5128280932147976,0.4871719067852024,All
2024-06-03,21858.0,29771.0,1406120.0,1344780.0,2750900.0,0.5111490784834054,0.4888509215165946,All
2024-06-04,47488.0,27649.0,1453608.0,1372429.0,2826037.0,0.5143626923497463,0.4856373076502537,All
2024-06-05,15395.0,10138.0,1469003.0,1382567.0,2851570.0,0.5151558615078711,0.4848441384921289,All
2024-06-06,29289.0,8508.0,1498292.0,1391075.0,2889367.0,0.518553717821239,0.4814462821787609,All
2024-06-07,12751.0,17482.0,1511043.0,1408557.0,2919600.0,0.5175513769009453,0.4824486230990547,All
2024-06-08,10385.0,3357.0,1521428.0,1411914.0,2933342.0,0.518667103938102,0.481332896061898,All
2024-06-09,11717.0,2190.0,1533145.0,1414104.0,2947249.0,0.5201952736263546,0.4798047263736454,All
2024-06-10,9197.0,11500.0,1542342.0,1425604.0,2967946.0,0.5196664629342986,0.4803335370657013,All
2024-06-11,24723.0,4185.0,1567065.0,1429789.0,2996854.0,0.5229033513144117,0.4770966486855882,All
2024-06-12,10064.0,28231.0,1577129.0,1458020.0,3035149.0,0.5196216067151893,0.4803783932848107,All
2024-06-13,18676.0,13092.0,1595805.0,1471112.0,3066917.0,0.5203287209924494,0.4796712790075506,All
2024-06-14,16156.0,85465.0,1611961.0,1556577.0,3168538.0,0.5087396774158934,0.4912603225841066,All
2024-06-15,13911.0,3334.0,1625872.0,1559911.0,3185783.0,0.5103524000222237,0.4896475999777762,All
2024-06-16,16936.0,1959.0,1642808.0,1561870.0,3204678.0,0.5126281017936903,0.4873718982063096,All
2024-06-17,25819.0,12441.0,1668627.0,1574311.0,3242938.0,0.5145417519545548,0.4854582480454452,All
2024-06-18,16499.0,5963.0,1685126.0,1580274.0,3265400.0,0.5160550009187236,0.4839449990812764,All
2024-06-19,18231.0,5946.0,1703357.0,1586220.0,3289577.0,0.517804264803651,0.4821957351963489,All
2024-06-20,51284.0,25418.0,1754641.0,1611638.0,3366279.0,0.5212405151207016,0.4787594848792985,All
2024-06-21,29469.0,10712.0,1784110.0,1622350.0,3406460.0,0.5237431233597342,0.4762568766402658,All
2024-06-22,22089.0,3675.0,1806199.0,1626025.0,3432224.0,0.526247412756277,0.473752587243723,All
2024-06-23,16117.0,849.0,1822316.0,1626874.0,3449190.0,0.528331579298328,0.471668420701672,All
2024-06-24,37176.0,8960.0,1859492.0,1635834.0,3495326.0,0.5319938683830921,0.4680061316169078,All
2024-06-25,35675.0,9528.0,1895167.0,1645362.0,3540529.0,0.535277920333374,0.4647220796666261,All
2024-06-26,48040.0,10805.0,1943207.0,1656167.0,3599374.0,0.5398736002427089,0.4601263997572911,All
2024-06-27,29491.0,36794.0,1972698.0,1692961.0,3665659.0,0.5381564406290928,0.4618435593709071,All
2024-06-28,94859.0,44415.0,2067557.0,1737376.0,3804933.0,0.5433885432411031,0.4566114567588969,All
2024-06-29,20269.0,17051.0,2087826.0,1754427.0,3842253.0,0.5433858728199314,0.4566141271800685,All
2024-06-30,77223.0,144710.0,2165049.0,1899137.0,4064186.0,0.5327140539335552,0.4672859460664448,All
2024-07-01,14713.0,7516.0,2179762.0,1906653.0,4086415.0,0.5334166989892118,0.4665833010107882,All
2024-07-02,19861.0,7655.0,2199623.0,1914308.0,4113931.0,0.5346766875769186,0.4653233124230815,All
2024-07-03,29976.0,3701.0,2229599.0,1918009.0,4147608.0,0.5375626144032898,0.4624373855967102,All
2024-07-04,8102.0,1060.0,2237701.0,1919069.0,4156770.0,0.5383268739911037,0.4616731260088963,All
2024-07-05,18146.0,2151.0,2255847.0,1921220.0,4177067.0,0.5400552588694412,0.4599447411305588,All
2024-07-06,11347.0,1881.0,2267194.0,1923101.0,4190295.0,0.5410583264424104,0.4589416735575896,All
2024-07-07,13289.0,2991.0,2280483.0,1926092.0,4206575.0,0.5421234614858882,0.4578765385141118,All
2024-07-08,19876.0,2490.0,2300359.0,1928582.0,4228941.0,0.5439562765240754,0.4560437234759246,All
2024-07-09,15649.0,4660.0,2316008.0,1933242.0,4249250.0,0.5450392422192152,0.4549607577807848,All
2024-07-10,105675.0,15986.0,2421683.0,1949228.0,4370911.0,0.5540453694893352,0.4459546305106647,All
2024-07-11,29019.0,9417.0,2450702.0,1958645.0,4409347.0,0.5557970375205218,0.4442029624794782,All
2024-07-12,26472.0,6727.0,2477174.0,1965372.0,4442546.0,0.5576023298351891,0.4423976701648109,All
2024-07-13,10879.0,2057.0,2488053.0,1967429.0,4455482.0,0.5584251041750365,0.4415748958249635,All
2024-07-14,22260.0,2496.0,2510313.0,1969925.0,4480238.0,0.5603079568540779,0.4396920431459221,All
2024-07-15,24818.0,2404.0,2535131.0,1972329.0,4507460.0,0.5624300603887777,0.4375699396112222,All
2024-07-16,27424.0,7740.0,2562555.0,1980069.0,4542624.0,0.5641133846869122,0.4358866153130877,All
2024-07-17,63183.0,6762.0,2625738.0,1986831.0,4612569.0,0.569257175339816,0.4307428246601839,All
2024-07-18,30404.0,49835.0,2656142.0,2036666.0,4692808.0,0.5660027003022498,0.4339972996977502,All
2024-07-19,55321.0,11285.0,2711463.0,2047951.0,4759414.0,0.5697052200123797,0.4302947799876203,All
2024-07-20,19710.0,2395.0,2731173.0,2050346.0,4781519.0,0.5711935893175369,0.428806410682463,All
2024-07-21,42927.0,4137.0,2774100.0,2054483.0,4828583.0,0.5745163746796939,0.4254836253203062,All
2024-07-22,92107.0,7048.0,2866207.0,2061531.0,4927738.0,0.5816476038295867,0.4183523961704132,All
2024-07-23,78686.0,34581.0,2944893.0,2096112.0,5041005.0,0.5841876768620543,0.4158123231379457,All
2024-07-24,42454.0,6561.0,2987347.0,2102673.0,5090020.0,0.5869028019536269,0.4130971980463731,All
2024-07-25,36541.0,79111.0,3023888.0,2181784.0,5205672.0,0.5808833134319642,0.4191166865680358,All
2024-07-26,41499.0,8787.0,3065387.0,2190571.0,5255958.0,0.5832213651631158,0.4167786348368841,All
2024-07-27,31951.0,6615.0,3097338.0,2197186.0,5294524.0,0.5850078307322811,0.4149921692677188,All
2024-07-28,35227.0,7221.0,3132565.0,2204407.0,5336972.0,0.5869554871189131,0.4130445128810869,All
2024-07-29,66011.0,3630.0,3198576.0,2208037.0,5406613.0,0.5916043926206666,0.4083956073793334,All
2024-07-30,66678.0,29175.0,3265254.0,2237212.0,5502466.0,0.5934164790841052,0.4065835209158948,All
2024-07-31,100391.0,19603.0,3365645.0,2256815.0,5622460.0,0.5986071932926157,0.4013928067073843,All
2024-08-01,57198.0,8732.0,3422843.0,2265547.0,5688390.0,0.6017243895021263,0.3982756104978737,All
2024-08-02,51686.0,40165.0,3474529.0,2305712.0,5780241.0,0.6011045214204737,0.3988954785795263,All
2024-08-03,28993.0,2880.0,3503522.0,2308592.0,5812114.0,0.6027965039914909,0.3972034960085091,All
2024-08-04,27361.0,4875.0,3530883.0,2313467.0,5844350.0,0.6041532420200707,0.3958467579799293,All
2024-08-05,38434.0,3083.0,3569317.0,2316550.0,5885867.0,0.6064216197885545,0.3935783802114455,All
2024-08-06,44425.0,6610.0,3613742.0,2323160.0,5936902.0,0.6086915364275847,0.3913084635724154,All
2024-08-07,103803.0,3254.0,3717545.0,2326414.0,6043959.0,0.6150844173496214,0.3849155826503787,All
2024-08-08,41416.0,36272.0,3758961.0,2362686.0,6121647.0,0.6140440636318951,0.3859559363681049,All
2024-08-09,69440.0,5627.0,3828401.0,2368313.0,6196714.0,0.6178114723384038,0.3821885276615961,All
2024-08-10,42144.0,8328.0,3870545.0,2376641.0,6247186.0,0.619566153464936,0.3804338465350639,All
2024-08-11,32414.0,4618.0,3902959.0,2381259.0,6284218.0,0.6210731390922466,0.3789268609077533,All
2024-08-12,43019.0,7502.0,3945978.0,2388761.0,6334739.0,0.6229109044587314,0.3770890955412685,All
2024-08-13,64334.0,7147.0,4010312.0,2395908.0,6406220.0,0.6260028534767773,0.3739971465232227,All
2024-08-14,68742.0,3563.0,4079054.0,2399471.0,6478525.0,0.6296269598403957,0.3703730401596042,All
2024-08-15,72321.0,65559.0,4151375.0,2465030.0,6616405.0,0.6274366517769091,0.3725633482230909,All
2024-08-16,33605.0,8459.0,4184980.0,2473489.0,6658469.0,0.6285198594451668,0.3714801405548332,All
2024-08-17,30053.0,4862.0,4215033.0,2478351.0,6693384.0,0.629731239086238,0.370268760913762,All
2024-08-18,25705.0,2608.0,4240738.0,2480959.0,6721697.0,0.6309028806267227,0.3690971193732773,All
2024-08-19,39203.0,11895.0,4279941.0,2492854.0,6772795.0,0.6319312780026562,0.3680687219973438,All
2024-08-20,108722.0,19204.0,4388663.0,2512058.0,6900721.0,0.6359716615118913,0.3640283384881087,All
2024-08-21,147855.0,35355.0,4536518.0,2547413.0,7083931.0,0.6403955656823873,0.3596044343176126,All
2024-08-22,72476.0,7275.0,4608994.0,2554688.0,7163682.0,0.6433833885982096,0.3566166114017903,All
2024-08-23,90182.0,12339.0,4699176.0,2567027.0,7266203.0,0.6467168616125919,0.3532831383874081,All
2024-08-24,41907.0,5108.0,4741083.0,2572135.0,7313218.0,0.6482895764901306,0.3517104235098693,All
2024-08-25,53920.0,9554.0,4795003.0,2581689.0,7376692.0,0.6500207681166572,0.3499792318833428,All
2024-08-26,46834.0,51889.0,4841837.0,2633578.0,7475415.0,0.6477014319606337,0.3522985680393664,All
2024-08-27,139696.0,41453.0,4981533.0,2675031.0,7656564.0,0.6506225246729473,0.3493774753270527,All
2024-08-28,143219.0,22216.0,5124752.0,2697247.0,7821999.0,0.6551716511341922,0.3448283488658078,All
2024-08-29,93052.0,24174.0,5217804.0,2721421.0,7939225.0,0.657218305313176,0.3427816946868239,All
2024-08-30,80482.0,38102.0,5298286.0,2759523.0,8057809.0,0.6575343247773682,0.3424656752226319,All
2024-08-31,92901.0,33071.0,5391187.0,2792594.0,8183781.0,0.6587648178757471,0.3412351821242528,All
2024-09-01,56520.0,6812.0,5447707.0,2799406.0,8247113.0,0.6605592769251495,0.3394407230748505,All
2024-09-02,66545.0,15225.0,5514252.0,2814631.0,8328883.0,0.6620638085563214,0.3379361914436786,All
2024-09-03,93569.0,24468.0,5607821.0,2839099.0,8446920.0,0.663889441358507,0.336110558641493,All
2024-09-04,147943.0,28342.0,5755764.0,2867441.0,8623205.0,0.6674738684746565,0.3325261315253435,All
2024-09-05,67437.0,58708.0,5823201.0,2926149.0,8749350.0,0.6655581271751616,0.3344418728248384,All
2024-09-06,123948.0,72977.0,5947149.0,2999126.0,8946275.0,0.6647625967232172,0.3352374032767828,All
2024-09-07,44160.0,5140.0,5991309.0,3004266.0,8995575.0,0.6660284639947974,0.3339715360052026,All
2024-09-08,44340.0,6746.0,6035649.0,3011012.0,9046661.0,0.6671686935102354,0.3328313064897645,All
2024-09-09,80881.0,33870.0,6116530.0,3044882.0,9161412.0,0.6676405340137525,0.3323594659862475,All
2024-09-10,94164.0,14875.0,6210694.0,3059757.0,9270451.0,0.6699451838966627,0.3300548161033373,All
2024-09-11,180947.0,19276.0,6391641.0,3079033.0,9470674.0,0.6748876584707699,0.3251123415292301,All
2024-09-12,105749.0,24081.0,6497390.0,3103114.0,9600504.0,0.6767759275971345,0.3232240724028655,All
2024-09-13,69742.0,20718.0,6567132.0,3123832.0,9690964.0,0.6776551847679962,0.3223448152320037,All
2024-09-14,64709.0,6149.0,6631841.0,3129981.0,9761822.0,0.6793650816415214,0.3206349183584785,All
2024-09-15,83220.0,9401.0,6715061.0,3139382.0,9854443.0,0.6814247137052799,0.31857528629472,All
2024-09-16,80607.0,86074.0,6795668.0,3225456.0,10021124.0,0.6781343090854878,0.3218656909145121,All
2024-09-17,90425.0,14346.0,6886093.0,3239802.0,10125895.0,0.6800478377466881,0.3199521622533119,All
2024-09-18,115667.0,15875.0,7001760.0,3255677.0,10257437.0,0.6826032662935195,0.3173967337064804,All
2024-09-19,101212.0,14403.0,7102972.0,3270080.0,10373052.0,0.6847523756749702,0.3152476243250299,All
2024-09-20,75414.0,14143.0,7178386.0,3284223.0,10462609.0,0.6860990408797653,0.3139009591202347,All
2024-09-21,62934.0,9117.0,7241320.0,3293340.0,10534660.0,0.6873805134669747,0.3126194865330253,All
2024-09-22,55502.0,11242.0,7296822.0,3304582.0,10601404.0,0.688288268233151,0.311711731766849,All
2024-09-23,86256.0,32838.0,7383078.0,3337420.0,10720498.0,0.6886879695327587,0.3113120304672414,All
2024-09-24,94050.0,63211.0,7477128.0,3400631.0,10877759.0,0.6873776115098708,0.3126223884901292,All
2024-09-25,171941.0,18110.0,7649069.0,3418741.0,11067810.0,0.6911095329609019,0.308890467039098,All
2024-09-26,77442.0,28440.0,7726511.0,3447181.0,11173692.0,0.6914913172834906,0.3085086827165094,All
2024-09-27,105739.0,17034.0,7832250.0,3464215.0,11296465.0,0.6933363667306542,0.3066636332693457,All
2024-09-28,74215.0,9239.0,7906465.0,3473454.0,11379919.0,0.6947733986507285,0.3052266013492715,All
2024-09-29,77407.0,28020.0,7983872.0,3501474.0,11485346.0,0.6951355231265998,0.3048644768734002,All
2024-09-30,261765.0,147877.0,8245637.0,3649351.0,11894988.0,0.6932026329072379,0.3067973670927621,All
2024-10-01,80684.0,21627.0,8326321.0,3670978.0,11997299.0,0.6940162948343623,0.3059837051656377,All
2024-10-02,72285.0,7361.0,8398606.0,3678339.0,12076945.0,0.6954247121271149,0.304575287872885,All
2024-10-03,57612.0,21819.0,8456218.0,3700158.0,12156376.0,0.6956199775327778,0.3043800224672221,All
2024-10-04,72395.0,14018.0,8528613.0,3714176.0,12242789.0,0.6966233756050194,0.3033766243949806,All
2024-10-05,48534.0,5508.0,8577147.0,3719684.0,12296831.0,0.6975087321278141,0.3024912678721859,All
2024-10-06,49576.0,24690.0,8626723.0,3744374.0,12371097.0,0.6973288625899546,0.3026711374100453,All
2024-10-07,75429.0,13567.0,8702152.0,3757941.0,12460093.0,0.6984018498096283,0.3015981501903718,All
2024-10-08,71878.0,28788.0,8774030.0,3786729.0,12560759.0,0.6985270555704476,0.3014729444295523,All
2024-10-09,68674.0,5887.0,8842704.0,3792616.0,12635320.0,0.6998401306812966,0.3001598693187034,All
2024-10-10,93470.0,85332.0,8936174.0,3877948.0,12814122.0,0.6973691993879877,0.3026308006120122,All
2024-10-11,73157.0,69986.0,9009331.0,3947934.0,12957265.0,0.6953111632740397,0.3046888367259603,All
2024-10-12,38436.0,15787.0,9047767.0,3963721.0,13011488.0,0.6953675859363664,0.3046324140636336,All
2024-10-13,44793.0,9383.0,9092560.0,3973104.0,13065664.0,0.6959125843125922,0.3040874156874078,All
2024-10-14,81713.0,24327.0,9174273.0,3997431.0,13171704.0,0.6965137540290914,0.3034862459709085,All
2024-10-15,127686.0,22793.0,9301959.0,4020224.0,13322183.0,0.6982308379940435,0.3017691620059565,All
2024-10-16,91232.0,34556.0,9393191.0,4054780.0,13447971.0,0.6984838828102767,0.3015161171897232,All
2024-10-17,79619.0,24284.0,9472810.0,4079064.0,13551874.0,0.6990036949871287,0.3009963050128713,All
2024-10-18,58003.0,13744.0,9530813.0,4092808.0,13623621.0,0.699580016208613,0.300419983791387,All
2024-10-19,25894.0,5875.0,9556707.0,4098683.0,13655390.0,0.6998487044309976,0.3001512955690024,All
2024-10-20,44801.0,20674.0,9601508.0,4119357.0,13720865.0,0.6997742489267258,0.3002257510732741,All
2024-10-21,82407.0,12560.0,9683915.0,4131917.0,13815832.0,0.7009288329504876,0.2990711670495125,All
2024-10-22,47598.0,55259.0,9731513.0,4187176.0,13918689.0,0.699168793842581,0.300831206157419,All
2024-10-23,66560.0,12678.0,9798073.0,4199854.0,13997927.0,0.6999660021087408,0.3000339978912592,All
2024-10-24,47733.0,20615.0,9845806.0,4220469.0,14066275.0,0.6999583045262516,0.3000416954737483,All
2024-10-25,69324.0,21490.0,9915130.0,4241959.0,14157089.0,0.700365025606606,0.299634974393394,All
2024-10-26,39501.0,9172.0,9954631.0,4251131.0,14205762.0,0.700746007148367,0.299253992851633,All
2024-10-27,45037.0,8119.0,9999668.0,4259250.0,14258918.0,0.7012922018346693,0.2987077981653306,All
2024-10-28,79350.0,20048.0,10079018.0,4279298.0,14358316.0,0.701963795754321,0.2980362042456789,All
2024-10-29,71191.0,16443.0,10150209.0,4295741.0,14445950.0,0.7026335408886227,0.2973664591113772,All
2024-10-30,97351.0,55411.0,10247560.0,4351152.0,14598712.0,0.7019495966493482,0.2980504033506517,All
2024-10-31,71552.0,44268.0,10319112.0,4395420.0,14714532.0,0.7012871357376503,0.2987128642623496,All
2024-11-01,41815.0,9103.0,10360927.0,4404523.0,14765450.0,0.7017007270350717,0.2982992729649282,All
2024-11-02,31284.0,3558.0,10392211.0,4408081.0,14800292.0,0.7021625654412764,0.2978374345587236,All
2024-11-03,35130.0,3857.0,10427341.0,4411938.0,14839279.0,0.7026851506734256,0.2973148493265744,All
2024-11-04,41973.0,7296.0,10469314.0,4419234.0,14888548.0,0.7031789802471,0.2968210197529,All
2024-11-05,42787.0,49416.0,10512101.0,4468650.0,14980751.0,0.7017072108067213,0.2982927891932788,All
2024-04-03,585.0,468.0,585.0,468.0,1053.0,0.5555555555555556,0.4444444444444444,Small
2024-04-04,1800.0,204.0,2385.0,672.0,3057.0,0.7801766437684003,0.2198233562315996,Small
2024-04-05,100.0,558.0,2485.0,1230.0,3715.0,0.6689098250336474,0.3310901749663526,Small
2024-04-06,855.0,350.0,3340.0,1580.0,4920.0,0.6788617886178862,0.32113821138211385,Small
2024-04-07,278.0,354.0,3618.0,1934.0,5552.0,0.651657060518732,0.348342939481268,Small
2024-04-08,1488.0,0.0,5106.0,1934.0,7040.0,0.725284090909091,0.2747159090909091,Small
2024-04-09,880.0,500.0,5986.0,2434.0,8420.0,0.7109263657957244,0.2890736342042755,Small
2024-04-10,203.0,520.0,6189.0,2954.0,9143.0,0.6769112982609646,0.3230887017390353,Small
2024-04-11,519.0,250.0,6708.0,3204.0,9912.0,0.6767554479418886,0.32324455205811137,Small
2024-04-12,710.0,223.0,7418.0,3427.0,10845.0,0.6840018441678193,0.3159981558321807,Small
2024-04-13,175.0,0.0,7593.0,3427.0,11020.0,0.6890199637023593,0.31098003629764065,Small
2024-04-14,10.0,750.0,7603.0,4177.0,11780.0,0.6454159592529711,0.3545840407470289,Small
2024-04-15,650.0,0.0,8253.0,4177.0,12430.0,0.6639581657280772,0.33604183427192275,Small
2024-04-16,475.0,0.0,8728.0,4177.0,12905.0,0.6763270050368074,0.3236729949631926,Small
2024-04-17,935.0,354.0,9663.0,4531.0,14194.0,0.6807806115259969,0.3192193884740031,Small
2024-04-18,1700.0,500.0,11363.0,5031.0,16394.0,0.693119433939246,0.3068805660607539,Small
2024-04-19,300.0,454.0,11663.0,5485.0,17148.0,0.680137625379053,0.3198623746209471,Small
2024-04-20,156.0,250.0,11819.0,5735.0,17554.0,0.673293836162698,0.32670616383730205,Small
2024-04-21,308.0,208.0,12127.0,5943.0,18070.0,0.6711123408965135,0.32888765910348644,Small
2024-04-22,200.0,104.0,12327.0,6047.0,18374.0,0.6708936540764123,0.3291063459235877,Small
2024-04-23,453.0,500.0,12780.0,6547.0,19327.0,0.6612510994981114,0.33874890050188855,Small
2024-04-24,995.0,458.0,13775.0,7005.0,20780.0,0.6628970163618865,0.3371029836381136,Small
2024-04-25,880.0,404.0,14655.0,7409.0,22064.0,0.6642041334300217,0.33579586656997823,Small
2024-04-26,639.0,456.0,15294.0,7865.0,23159.0,0.6603912086014077,0.33960879139859235,Small
2024-04-27,1047.0,750.0,16341.0,8615.0,24956.0,0.6547924346850457,0.34520756531495433,Small
2024-04-28,800.0,406.0,17141.0,9021.0,26162.0,0.6551869123155722,0.3448130876844278,Small
2024-04-29,633.0,872.0,17774.0,9893.0,27667.0,0.6424259948675317,0.3575740051324683,Small
2024-04-30,1258.0,882.0,19032.0,10775.0,29807.0,0.6385077330828329,0.3614922669171671,Small
2024-05-01,1301.0,500.0,20333.0,11275.0,31608.0,0.6432865097443685,0.3567134902556315,Small
2024-05-02,698.0,968.0,21031.0,12243.0,33274.0,0.6320550580032458,0.3679449419967542,Small
2024-05-03,808.0,604.0,21839.0,12847.0,34686.0,0.6296200196044514,0.37037998039554865,Small
2024-05-04,936.0,500.0,22775.0,13347.0,36122.0,0.6305021870328332,0.3694978129671668,Small
2024-05-05,497.0,510.0,23272.0,13857.0,37129.0,0.626787686175227,0.3732123138247731,Small
2024-05-06,1485.0,156.0,24757.0,14013.0,38770.0,0.6385607428424039,0.36143925715759606,Small
2024-05-07,1141.0,156.0,25898.0,14169.0,40067.0,0.6463673347143535,0.3536326652856465,Small
2024-05-08,1870.0,258.0,27768.0,14427.0,42195.0,0.6580874511198009,0.34191254888019906,Small
2024-05-09,3111.0,1025.0,30879.0,15452.0,46331.0,0.6664868014936004,0.3335131985063996,Small
2024-05-10,1752.0,777.0,32631.0,16229.0,48860.0,0.667846909537454,0.33215309046254604,Small
2024-05-11,579.0,416.0,33210.0,16645.0,49855.0,0.6661317821682881,0.33386821783171194,Small
2024-05-12,825.0,57.0,34035.0,16702.0,50737.0,0.6708122277627767,0.32918777223722334,Small
2024-05-13,1203.0,110.0,35238.0,16812.0,52050.0,0.6770028818443804,0.3229971181556196,Small
2024-05-14,4939.0,3142.0,40177.0,19954.0,60131.0,0.6681578553491544,0.33184214465084566,Small
2024-05-15,19419.0,641.0,59596.0,20595.0,80191.0,0.7431756680924293,0.2568243319075707,Small
2024-05-16,4861.0,506.0,64457.0,21101.0,85558.0,0.753371981579747,0.24662801842025292,Small
2024-05-17,1646.0,108.0,66103.0,21209.0,87312.0,0.7570895180502107,0.24291048194978926,Small
2024-05-18,1510.0,50.0,67613.0,21259.0,88872.0,0.7607908002520479,0.2392091997479521,Small
2024-05-19,1695.0,0.0,69308.0,21259.0,90567.0,0.7652677023639957,0.23473229763600428,Small
2024-05-20,1504.0,313.0,70812.0,21572.0,92384.0,0.7664963630065812,0.23350363699341878,Small
2024-05-21,2051.0,405.0,72863.0,21977.0,94840.0,0.7682728806410797,0.2317271193589203,Small
2024-05-22,1511.0,0.0,74374.0,21977.0,96351.0,0.7719068821288829,0.22809311787111705,Small
2024-05-23,650.0,806.0,75024.0,22783.0,97807.0,0.7670616622532129,0.23293833774678704,Small
2024-05-24,666.0,247.0,75690.0,23030.0,98720.0,0.7667139384116693,0.23328606158833062,Small
2024-05-25,760.0,312.0,76450.0,23342.0,99792.0,0.7660934744268078,0.23390652557319225,Small
2024-05-26,602.0,256.0,77052.0,23598.0,100650.0,0.7655439642324888,0.23445603576751117,Small
2024-05-27,722.0,0.0,77774.0,23598.0,101372.0,0.7672138263031212,0.23278617369687882,Small
2024-05-28,924.0,0.0,78698.0,23598.0,102296.0,0.7693164933135216,0.23068350668647847,Small
2024-05-29,98.0,376.0,78796.0,23974.0,102770.0,0.7667218059745062,0.23327819402549382,Small
2024-05-30,1356.0,979.0,80152.0,24953.0,105105.0,0.7625897911612197,0.23741020883878028,Small
2024-05-31,1703.0,3069.0,81855.0,28022.0,109877.0,0.7449693748464192,0.2550306251535808,Small
2024-06-01,716.0,286.0,82571.0,28308.0,110879.0,0.7446946671596966,0.2553053328403034,Small
2024-06-02,968.0,208.0,83539.0,28516.0,112055.0,0.7455178260675561,0.2544821739324439,Small
2024-06-03,839.0,912.0,84378.0,29428.0,113806.0,0.7414196088079714,0.2585803911920285,Small
2024-06-04,1120.0,510.0,85498.0,29938.0,115436.0,0.7406528292733636,0.2593471707266364,Small
2024-06-05,478.0,677.0,85976.0,30615.0,116591.0,0.7374154094226827,0.2625845905773173,Small
2024-06-06,912.0,208.0,86888.0,30823.0,117711.0,0.7381468172048492,0.26185318279515085,Small
2024-06-07,990.0,167.0,87878.0,30990.0,118868.0,0.7392906417202275,0.26070935827977254,Small
2024-06-08,1226.0,208.0,89104.0,31198.0,120302.0,0.7406693155558511,0.2593306844441489,Small
2024-06-09,763.0,0.0,89867.0,31198.0,121065.0,0.7423037211415355,0.25769627885846447,Small
2024-06-10,1223.0,510.0,91090.0,31708.0,122798.0,0.7417873255264744,0.25821267447352564,Small
2024-06-11,1667.0,156.0,92757.0,31864.0,124621.0,0.744312756277032,0.255687243722968,Small
2024-06-12,1057.0,1427.0,93814.0,33291.0,127105.0,0.7380826875417962,0.2619173124582038,Small
2024-06-13,1280.0,130.0,95094.0,33421.0,128515.0,0.7399447535307162,0.26005524646928374,Small
2024-06-14,391.0,1825.0,95485.0,35246.0,130731.0,0.7303929442901836,0.26960705570981636,Small
2024-06-15,1020.0,189.0,96505.0,35435.0,131940.0,0.7314309534636956,0.26856904653630437,Small
2024-06-16,838.0,250.0,97343.0,35685.0,133028.0,0.7317482033857534,0.26825179661424664,Small
2024-06-17,1123.0,700.0,98466.0,36385.0,134851.0,0.7301836842144293,0.26981631578557075,Small
2024-06-18,1060.0,604.0,99526.0,36989.0,136515.0,0.7290480899534849,0.27095191004651503,Small
2024-06-19,967.0,500.0,100493.0,37489.0,137982.0,0.728305141250308,0.271694858749692,Small
2024-06-20,2041.0,268.0,102534.0,37757.0,140291.0,0.7308665559444298,0.2691334440555702,Small
2024-06-21,1082.0,208.0,103616.0,37965.0,141581.0,0.7318496125892598,0.26815038741074015,Small
2024-06-22,985.0,104.0,104601.0,38069.0,142670.0,0.7331674493586599,0.26683255064134015,Small
2024-06-23,1823.0,461.0,106424.0,38530.0,144954.0,0.7341915366254121,0.2658084633745878,Small
2024-06-24,1094.0,494.0,107518.0,39024.0,146542.0,0.7337009185080046,0.2662990814919955,Small
2024-06-25,1158.0,156.0,108676.0,39180.0,147856.0,0.7350124445406341,0.26498755545936586,Small
2024-06-26,1520.0,237.0,110196.0,39417.0,149613.0,0.7365402739066792,0.26345972609332075,Small
2024-06-27,1385.0,896.0,111581.0,40313.0,151894.0,0.7345978116317958,0.2654021883682041,Small
2024-06-28,1497.0,3700.0,113078.0,44013.0,157091.0,0.7198248149161951,0.2801751850838049,Small
2024-06-29,1165.0,1008.0,114243.0,45021.0,159264.0,0.7173184147076552,0.2826815852923448,Small
2024-06-30,3125.0,2526.0,117368.0,47547.0,164915.0,0.7116878391898857,0.2883121608101143,Small
2024-07-01,1643.0,78.0,119011.0,47625.0,166636.0,0.7141974123238676,0.2858025876761324,Small
2024-07-02,1718.0,227.0,120729.0,47852.0,168581.0,0.7161483203919777,0.28385167960802227,Small
2024-07-03,2125.0,591.0,122854.0,48443.0,171297.0,0.7171987833995925,0.28280121660040747,Small
2024-07-04,1672.0,165.0,124526.0,48608.0,173134.0,0.7192463640879319,0.2807536359120681,Small
2024-07-05,2276.0,57.0,126802.0,48665.0,175467.0,0.7226544022522754,0.27734559774772466,Small
2024-07-06,953.0,52.0,127755.0,48717.0,176472.0,0.7239392084863321,0.2760607915136679,Small
2024-07-07,1558.0,237.0,129313.0,48954.0,178267.0,0.7253894439240016,0.2746105560759984,Small
2024-07-08,1731.0,430.0,131044.0,49384.0,180428.0,0.7262952535083247,0.27370474649167537,Small
2024-07-09,2140.0,1152.0,133184.0,50536.0,183720.0,0.7249292401480514,0.2750707598519486,Small
2024-07-10,7937.0,625.0,141121.0,51161.0,192282.0,0.7339272526809582,0.26607274731904185,Small
2024-07-11,2996.0,1291.0,144117.0,52452.0,196569.0,0.7331624009889657,0.2668375990110343,Small
2024-07-12,2737.0,1833.0,146854.0,54285.0,201139.0,0.730112012091141,0.26988798790885904,Small
2024-07-13,2328.0,472.0,149182.0,54757.0,203939.0,0.7315030474798837,0.2684969525201163,Small
2024-07-14,696.0,386.0,149878.0,55143.0,205021.0,0.7310373083732886,0.26896269162671144,Small
2024-07-15,2308.0,261.0,152186.0,55404.0,207590.0,0.7331085312394624,0.2668914687605376,Small
2024-07-16,4024.0,746.0,156210.0,56150.0,212360.0,0.7355905066867583,0.26440949331324165,Small
2024-07-17,6507.0,568.0,162717.0,56718.0,219435.0,0.7415271036981338,0.25847289630186615,Small
2024-07-18,3418.0,592.0,166135.0,57310.0,223445.0,0.7435163015507171,0.2564836984492828,Small
2024-07-19,5816.0,477.0,171951.0,57787.0,229738.0,0.7484656434721291,0.2515343565278709,Small
2024-07-20,2702.0,108.0,174653.0,57895.0,232548.0,0.7510406453721382,0.24895935462786178,Small
2024-07-21,5477.0,425.0,180130.0,58320.0,238450.0,0.7554204235688824,0.24457957643111763,Small
2024-07-22,9015.0,626.0,189145.0,58946.0,248091.0,0.7624016993764385,0.23759830062356152,Small
2024-07-23,10918.0,2156.0,200063.0,61102.0,261165.0,0.7660406256581088,0.23395937434189115,Small
2024-07-24,5532.0,628.0,205595.0,61730.0,267325.0,0.7690825773870756,0.23091742261292433,Small
2024-07-25,4618.0,3407.0,210213.0,65137.0,275350.0,0.7634392591247503,0.23656074087524967,Small
2024-07-26,3926.0,319.0,214139.0,65456.0,279595.0,0.7658899479604427,0.2341100520395572,Small
2024-07-27,4985.0,629.0,219124.0,66085.0,285209.0,0.7682927256853745,0.23170727431462543,Small
2024-07-28,3405.0,920.0,222529.0,67005.0,289534.0,0.7685764020805846,0.23142359791941533,Small
2024-07-29,5817.0,601.0,228346.0,67606.0,295952.0,0.7715643077255772,0.22843569227442287,Small
2024-07-30,6940.0,1542.0,235286.0,69148.0,304434.0,0.7728637405808813,0.22713625941911875,Small
2024-07-31,5200.0,1846.0,240486.0,70994.0,311480.0,0.7720752536278412,0.22792474637215873,Small
2024-08-01,5185.0,777.0,245671.0,71771.0,317442.0,0.7739083045091701,0.22609169549082983,Small
2024-08-02,4326.0,471.0,249997.0,72242.0,322239.0,0.7758123628735193,0.22418763712648065,Small
2024-08-03,3083.0,442.0,253080.0,72684.0,325764.0,0.7768814233616974,0.22311857663830256,Small
2024-08-04,3433.0,719.0,256513.0,73403.0,329916.0,0.7775100328568484,0.22248996714315158,Small
2024-08-05,7455.0,528.0,263968.0,73931.0,337899.0,0.7812038508548412,0.21879614914515877,Small
2024-08-06,4714.0,468.0,268682.0,74399.0,343081.0,0.783144505233458,0.216855494766542,Small
2024-08-07,4101.0,492.0,272783.0,74891.0,347674.0,0.7845941888090567,0.21540581119094324,Small
2024-08-08,4967.0,523.0,277750.0,75414.0,353164.0,0.7864618137749034,0.21353818622509654,Small
2024-08-09,5953.0,521.0,283703.0,75935.0,359638.0,0.788857128557049,0.21114287144295096,Small
2024-08-10,4731.0,1032.0,288434.0,76967.0,365401.0,0.7893629190943648,0.21063708090563518,Small
2024-08-11,4261.0,736.0,292695.0,77703.0,370398.0,0.7902175497707871,0.2097824502292129,Small
2024-08-12,4063.0,513.0,296758.0,78216.0,374974.0,0.7914095377279491,0.20859046227205086,Small
2024-08-13,6853.0,452.0,303611.0,78668.0,382279.0,0.7942131270616487,0.2057868729383513,Small
2024-08-14,5209.0,932.0,308820.0,79600.0,388420.0,0.7950671953040523,0.20493280469594768,Small
2024-08-15,8850.0,5717.0,317670.0,85317.0,402987.0,0.7882884559551548,0.21171154404484513,Small
2024-08-16,4132.0,361.0,321802.0,85678.0,407480.0,0.7897369196034161,0.21026308039658387,Small
2024-08-17,1872.0,747.0,323674.0,86425.0,410099.0,0.7892582035069581,0.21074179649304192,Small
2024-08-18,4166.0,271.0,327840.0,86696.0,414536.0,0.7908601424243009,0.20913985757569908,Small
2024-08-19,4131.0,465.0,331971.0,87161.0,419132.0,0.7920440338604544,0.20795596613954553,Small
2024-08-20,18048.0,1224.0,350019.0,88385.0,438404.0,0.7983937190354102,0.20160628096458974,Small
2024-08-21,21164.0,1082.0,371183.0,89467.0,460650.0,0.8057809616845761,0.19421903831542386,Small
2024-08-22,9050.0,1061.0,380233.0,90528.0,470761.0,0.8076985986519699,0.19230140134803012,Small
2024-08-23,6820.0,1044.0,387053.0,91572.0,478625.0,0.8086769391486027,0.19132306085139722,Small
2024-08-24,4074.0,765.0,391127.0,92337.0,483464.0,0.8090095643108898,0.19099043568911026,Small
2024-08-25,5753.0,392.0,396880.0,92729.0,489609.0,0.8106060141868308,0.1893939858131693,Small
2024-08-26,4293.0,5681.0,401173.0,98410.0,499583.0,0.8030157151063987,0.19698428489360126,Small
2024-08-27,15038.0,2719.0,416211.0,101129.0,517340.0,0.8045212046236517,0.19547879537634824,Small
2024-08-28,15325.0,1774.0,431536.0,102903.0,534439.0,0.8074560426914952,0.1925439573085048,Small
2024-08-29,9512.0,2803.0,441048.0,105706.0,546754.0,0.8066662520987501,0.19333374790124994,Small
2024-08-30,9351.0,1814.0,450399.0,107520.0,557919.0,0.8072838530324294,0.19271614696757056,Small
2024-08-31,8639.0,2568.0,459038.0,110088.0,569126.0,0.8065665599533319,0.19343344004666804,Small
2024-09-01,4143.0,1163.0,463181.0,111251.0,574432.0,0.8063286864241547,0.19367131357584536,Small
2024-09-02,5879.0,1087.0,469060.0,112338.0,581398.0,0.8067795210853839,0.19322047891461616,Small
2024-09-03,14404.0,1395.0,483464.0,113733.0,597197.0,0.8095553058705921,0.19044469412940787,Small
2024-09-04,9642.0,1359.0,493106.0,115092.0,608198.0,0.8107655730535122,0.18923442694648782,Small
2024-09-05,4867.0,4917.0,497973.0,120009.0,617982.0,0.8058050234472849,0.19419497655271512,Small
2024-09-06,6799.0,9771.0,504772.0,129780.0,634552.0,0.7954777543841954,0.20452224561580454,Small
2024-09-07,6312.0,805.0,511084.0,130585.0,641669.0,0.7964916491212759,0.20350835087872407,Small
2024-09-08,6337.0,1505.0,517421.0,132090.0,649511.0,0.7966316197878096,0.2033683802121904,Small
2024-09-09,7854.0,2232.0,525275.0,134322.0,659597.0,0.7963574728205253,0.20364252717947473,Small
2024-09-10,11528.0,1805.0,536803.0,136127.0,672930.0,0.7977100144145751,0.20228998558542494,Small
2024-09-11,13274.0,714.0,550077.0,136841.0,686918.0,0.8007899050541695,0.1992100949458305,Small
2024-09-12,9902.0,866.0,559979.0,137707.0,697686.0,0.8026232431208309,0.19737675687916914,Small
2024-09-13,9383.0,1937.0,569362.0,139644.0,709006.0,0.8030425694563939,0.19695743054360612,Small
2024-09-14,6773.0,816.0,576135.0,140460.0,716595.0,0.803989701295711,0.19601029870428904,Small
2024-09-15,10857.0,324.0,586992.0,140784.0,727776.0,0.8065558633425669,0.19344413665743307,Small
2024-09-16,9709.0,5171.0,596701.0,145955.0,742656.0,0.8034689008100655,0.1965310991899345,Small
2024-09-17,8700.0,1093.0,605401.0,147048.0,752449.0,0.8045741306055294,0.1954258693944706,Small
2024-09-18,10438.0,809.0,615839.0,147857.0,763696.0,0.806392857891098,0.19360714210890198,Small
2024-09-19,9169.0,1458.0,625008.0,149315.0,774323.0,0.8071670349453651,0.19283296505463482,Small
2024-09-20,5938.0,1242.0,630946.0,150557.0,781503.0,0.807349427961249,0.19265057203875097,Small
2024-09-21,7378.0,413.0,638324.0,150970.0,789294.0,0.8087277997805634,0.1912722002194366,Small
2024-09-22,5708.0,1001.0,644032.0,151971.0,796003.0,0.8090823778302343,0.19091762216976568,Small
2024-09-23,8231.0,1909.0,652263.0,153880.0,806143.0,0.8091157524161346,0.1908842475838654,Small
2024-09-24,8967.0,2274.0,661230.0,156154.0,817384.0,0.8089588247384338,0.19104117526156617,Small
2024-09-25,14627.0,1129.0,675857.0,157283.0,833140.0,0.8112166022517224,0.1887833977482776,Small
2024-09-26,9498.0,1217.0,685355.0,158500.0,843855.0,0.812171522358699,0.18782847764130092,Small
2024-09-27,9866.0,1522.0,695221.0,160022.0,855243.0,0.8128929438767696,0.18710705612323048,Small
2024-09-28,5809.0,1139.0,701030.0,161161.0,862191.0,0.813079700437606,0.18692029956239395,Small
2024-09-29,7056.0,822.0,708086.0,161983.0,870069.0,0.8138274090905434,0.18617259090945662,Small
2024-09-30,18005.0,5882.0,726091.0,167865.0,893956.0,0.8122223017687672,0.18777769823123286,Small
2024-10-01,14085.0,1553.0,740176.0,169418.0,909594.0,0.8137432744719072,0.18625672552809275,Small
2024-10-02,9833.0,395.0,750009.0,169813.0,919822.0,0.8153849331718528,0.18461506682814718,Small
2024-10-03,7455.0,1338.0,757464.0,171151.0,928615.0,0.815692186751237,0.18430781324876294,Small
2024-10-04,11920.0,1097.0,769384.0,172248.0,941632.0,0.8170750356827295,0.18292496431727043,Small
2024-10-05,8401.0,760.0,777785.0,173008.0,950793.0,0.8180382060027788,0.18196179399722126,Small
2024-10-06,9840.0,1390.0,787625.0,174398.0,962023.0,0.8187174319117111,0.18128256808828894,Small
2024-10-07,12288.0,1018.0,799913.0,175416.0,975329.0,0.8201468427576746,0.17985315724232542,Small
2024-10-08,15386.0,2931.0,815299.0,178347.0,993646.0,0.8205125366579245,0.17948746334207555,Small
2024-10-09,10301.0,1019.0,825600.0,179366.0,1004966.0,0.8215203300410163,0.17847966995898368,Small
2024-10-10,12344.0,11239.0,837944.0,190605.0,1028549.0,0.814685542448634,0.18531445755136605,Small
2024-10-11,12615.0,3106.0,850559.0,193711.0,1044270.0,0.8145010390033229,0.1854989609966771,Small
2024-10-12,5986.0,2286.0,856545.0,195997.0,1052542.0,0.8137870032739786,0.18621299672602137,Small
2024-10-13,8280.0,935.0,864825.0,196932.0,1061757.0,0.8145225319917835,0.18547746800821657,Small
2024-10-14,13436.0,3129.0,878261.0,200061.0,1078322.0,0.8144700748014044,0.1855299251985956,Small
2024-10-15,16428.0,1613.0,894689.0,201674.0,1096363.0,0.8160518003617415,0.1839481996382585,Small
2024-10-16,9921.0,3231.0,904610.0,204905.0,1109515.0,0.8153202074780422,0.1846797925219578,Small
2024-10-17,15577.0,2996.0,920187.0,207901.0,1128088.0,0.8157049804625172,0.1842950195374829,Small
2024-10-18,9193.0,2865.0,929380.0,210766.0,1140146.0,0.8151412187561944,0.18485878124380561,Small
2024-10-19,7484.0,1027.0,936864.0,211793.0,1148657.0,0.8156168464563399,0.1843831535436601,Small
2024-10-20,8824.0,1540.0,945688.0,213333.0,1159021.0,0.8159368984686214,0.18406310153137864,Small
2024-10-21,14655.0,1447.0,960343.0,214780.0,1175123.0,0.8172276434041372,0.18277235659586272,Small
2024-10-22,13864.0,5460.0,974207.0,220240.0,1194447.0,0.8156134177573388,0.18438658224266125,Small
2024-10-23,15165.0,2462.0,989372.0,222702.0,1212074.0,0.8162636934708607,0.1837363065291393,Small
2024-10-24,9109.0,3438.0,998481.0,226140.0,1224621.0,0.815338786449032,0.184661213550968,Small
2024-10-25,11270.0,2955.0,1009751.0,229095.0,1238846.0,0.815073867131185,0.184926132868815,Small
2024-10-26,8300.0,2219.0,1018051.0,231314.0,1249365.0,0.8148547462110752,0.18514525378892477,Small
2024-10-27,7958.0,1195.0,1026009.0,232509.0,1258518.0,0.8152517484851229,0.18474825151487703,Small
2024-10-28,17684.0,3706.0,1043693.0,236215.0,1279908.0,0.8154437662707007,0.1845562337292993,Small
2024-10-29,12676.0,1175.0,1056369.0,237390.0,1293759.0,0.8165114213698224,0.18348857863017765,Small
2024-10-30,17938.0,8715.0,1074307.0,246105.0,1320412.0,0.8136149928961567,0.18638500710384334,Small
2024-10-31,13548.0,3344.0,1087855.0,249449.0,1337304.0,0.813468740092006,0.186531259907994,Small
2024-11-01,9406.0,1303.0,1097261.0,250752.0,1348013.0,0.8139839897686446,0.18601601023135533,Small
2024-11-02,9703.0,427.0,1106964.0,251179.0,1358143.0,0.815057030077098,0.18494296992290207,Small
2024-11-03,8568.0,827.0,1115532.0,252006.0,1367538.0,0.815722853770791,0.184277146229209,Small
2024-11-04,12346.0,1721.0,1127878.0,253727.0,1381605.0,0.8163534440017226,0.18364655599827737,Small
2024-11-05,6838.0,3848.0,1134716.0,257575.0,1392291.0,0.8149991632496367,0.18500083675036325,Small
2024-04-03,828.0,964.0,828.0,964.0,1792.0,0.46205357142857145,0.5379464285714286,Medium
2024-04-04,1230.0,1000.0,2058.0,1964.0,4022.0,0.511685728493287,0.4883142715067131,Medium
2024-04-05,953.0,2092.0,3011.0,4056.0,7067.0,0.42606480826376114,0.5739351917362389,Medium
2024-04-06,164.0,104.0,3175.0,4160.0,7335.0,0.4328561690524881,0.567143830947512,Medium
2024-04-07,125.0,1716.0,3300.0,5876.0,9176.0,0.3596338273757629,0.6403661726242371,Medium
2024-04-08,1520.0,520.0,4820.0,6396.0,11216.0,0.4297432239657632,0.5702567760342369,Medium
2024-04-09,363.0,302.0,5183.0,6698.0,11881.0,0.43624274051005807,0.5637572594899419,Medium
2024-04-10,558.0,2230.0,5741.0,8928.0,14669.0,0.39136955484354763,0.6086304451564524,Medium
2024-04-11,570.0,260.0,6311.0,9188.0,15499.0,0.4071875604877734,0.5928124395122266,Medium
2024-04-12,1103.0,604.0,7414.0,9792.0,17206.0,0.4308961990003487,0.5691038009996513,Medium
2024-04-13,1186.0,468.0,8600.0,10260.0,18860.0,0.4559915164369035,0.5440084835630965,Medium
2024-04-14,633.0,1010.0,9233.0,11270.0,20503.0,0.4503243427791055,0.5496756572208945,Medium
2024-04-15,1573.0,1280.0,10806.0,12550.0,23356.0,0.46266483986984075,0.5373351601301593,Medium
2024-04-16,1100.0,1828.0,11906.0,14378.0,26284.0,0.45297519403439357,0.5470248059656064,Medium
2024-04-17,258.0,1560.0,12164.0,15938.0,28102.0,0.4328517543235357,0.5671482456764643,Medium
2024-04-18,1363.0,2130.0,13527.0,18068.0,31595.0,0.42813736350688403,0.571862636493116,Medium
2024-04-19,1376.0,770.0,14903.0,18838.0,33741.0,0.4416881538780712,0.5583118461219289,Medium
2024-04-20,683.0,0.0,15586.0,18838.0,34424.0,0.45276551243318613,0.5472344875668138,Medium
2024-04-21,1898.0,424.0,17484.0,19262.0,36746.0,0.47580689054590974,0.5241931094540903,Medium
2024-04-22,473.0,260.0,17957.0,19522.0,37479.0,0.47912164145254676,0.5208783585474532,Medium
2024-04-23,1225.0,156.0,19182.0,19678.0,38860.0,0.4936181163149768,0.5063818836850231,Medium
2024-04-24,1215.0,1409.0,20397.0,21087.0,41484.0,0.4916835406421753,0.5083164593578247,Medium
2024-04-25,1969.0,1661.0,22366.0,22748.0,45114.0,0.4957662809770803,0.5042337190229197,Medium
2024-04-26,3569.0,964.0,25935.0,23712.0,49647.0,0.5223880597014925,0.47761194029850745,Medium
2024-04-27,2929.0,602.0,28864.0,24314.0,53178.0,0.542780849223363,0.45721915077663694,Medium
2024-04-28,1289.0,1170.0,30153.0,25484.0,55637.0,0.541959487391484,0.4580405126085159,Medium
2024-04-29,1879.0,2171.0,32032.0,27655.0,59687.0,0.5366662757384355,0.4633337242615645,Medium
2024-04-30,2264.0,2028.0,34296.0,29683.0,63979.0,0.5360508916988387,0.4639491083011613,Medium
2024-05-01,1063.0,1286.0,35359.0,30969.0,66328.0,0.5330931130141117,0.46690688698588834,Medium
2024-05-02,803.0,3392.0,36162.0,34361.0,70523.0,0.5127688839102137,0.4872311160897863,Medium
2024-05-03,738.0,1982.0,36900.0,36343.0,73243.0,0.5038024111519189,0.4961975888480811,Medium
2024-05-04,1175.0,1247.0,38075.0,37590.0,75665.0,0.5032049164078504,0.49679508359214963,Medium
2024-05-05,1534.0,1194.0,39609.0,38784.0,78393.0,0.5052619494087482,0.49473805059125175,Medium
2024-05-06,1914.0,1170.0,41523.0,39954.0,81477.0,0.5096284841120807,0.4903715158879193,Medium
2024-05-07,1563.0,683.0,43086.0,40637.0,83723.0,0.5146256106446258,0.48537438935537425,Medium
2024-05-08,2537.0,1074.0,45623.0,41711.0,87334.0,0.5223967755971328,0.4776032244028672,Medium
2024-05-09,3681.0,1352.0,49304.0,43063.0,92367.0,0.5337837106325852,0.46621628936741477,Medium
2024-05-10,2882.0,3075.0,52186.0,46138.0,98324.0,0.5307554615353322,0.46924453846466785,Medium
2024-05-11,1786.0,1188.0,53972.0,47326.0,101298.0,0.5328042014649845,0.46719579853501547,Medium
2024-05-12,1186.0,1027.0,55158.0,48353.0,103511.0,0.5328709026093845,0.4671290973906155,Medium
2024-05-13,1840.0,1291.0,56998.0,49644.0,106642.0,0.5344798484649576,0.4655201515350425,Medium
2024-05-14,6950.0,7040.0,63948.0,56684.0,120632.0,0.5301080973539359,0.46989190264606406,Medium
2024-05-15,37707.0,3267.0,101655.0,59951.0,161606.0,0.6290298627526205,0.37097013724737943,Medium
2024-05-16,5697.0,1647.0,107352.0,61598.0,168950.0,0.6354069251257769,0.36459307487422316,Medium
2024-05-17,4188.0,1236.0,111540.0,62834.0,174374.0,0.6396595822771743,0.36034041772282566,Medium
2024-05-18,3236.0,1196.0,114776.0,64030.0,178806.0,0.6419023970112859,0.358097602988714,Medium
2024-05-19,2345.0,1456.0,117121.0,65486.0,182607.0,0.6413828604598948,0.35861713954010527,Medium
2024-05-20,2763.0,709.0,119884.0,66195.0,186079.0,0.6442639953998033,0.35573600460019666,Medium
2024-05-21,2621.0,549.0,122505.0,66744.0,189249.0,0.6473217824136455,0.3526782175863545,Medium
2024-05-22,4735.0,702.0,127240.0,67446.0,194686.0,0.6535652281109068,0.3464347718890932,Medium
2024-05-23,1680.0,1225.0,128920.0,68671.0,197591.0,0.6524588670536613,0.34754113294633865,Medium
2024-05-24,1143.0,523.0,130063.0,69194.0,199257.0,0.6527399288356244,0.3472600711643757,Medium
2024-05-25,1673.0,164.0,131736.0,69358.0,201094.0,0.6550966214805016,0.34490337851949837,Medium
2024-05-26,2536.0,676.0,134272.0,70034.0,204306.0,0.6572102630368173,0.34278973696318266,Medium
2024-05-27,1163.0,156.0,135435.0,70190.0,205625.0,0.6586504559270516,0.3413495440729483,Medium
2024-05-28,3226.0,1210.0,138661.0,71400.0,210061.0,0.6600987332251108,0.3399012667748892,Medium
2024-05-29,2853.0,1323.0,141514.0,72723.0,214237.0,0.6605488314343461,0.33945116856565394,Medium
2024-05-30,3691.0,7375.0,145205.0,80098.0,225303.0,0.6444876455262468,0.3555123544737531,Medium
2024-05-31,2692.0,9765.0,147897.0,89863.0,237760.0,0.6220432368775235,0.37795676312247645,Medium
2024-06-01,1723.0,1123.0,149620.0,90986.0,240606.0,0.621846504243452,0.37815349575654805,Medium
2024-06-02,2284.0,974.0,151904.0,91960.0,243864.0,0.6229045697601943,0.3770954302398058,Medium
2024-06-03,3644.0,2320.0,155548.0,94280.0,249828.0,0.622620362809613,0.377379637190387,Medium
2024-06-04,6534.0,1776.0,162082.0,96056.0,258138.0,0.6278889586190333,0.3721110413809668,Medium
2024-06-05,1820.0,3501.0,163902.0,99557.0,263459.0,0.6221157751300962,0.37788422486990386,Medium
2024-06-06,826.0,275.0,164728.0,99832.0,264560.0,0.6226489265195041,0.3773510734804959,Medium
2024-06-07,1701.0,392.0,166429.0,100224.0,266653.0,0.6241407372127822,0.3758592627872178,Medium
2024-06-08,3448.0,552.0,169877.0,100776.0,270653.0,0.62765607623045,0.37234392376954994,Medium
2024-06-09,729.0,52.0,170606.0,100828.0,271434.0,0.6285358503356249,0.37146414966437513,Medium
2024-06-10,1847.0,1885.0,172453.0,102713.0,275166.0,0.6267235050842037,0.3732764949157963,Medium
2024-06-11,1586.0,1431.0,174039.0,104144.0,278183.0,0.6256277342612597,0.37437226573874033,Medium
2024-06-12,2191.0,6438.0,176230.0,110582.0,286812.0,0.6144443049802658,0.3855556950197342,Medium
2024-06-13,2291.0,763.0,178521.0,111345.0,289866.0,0.6158742315414709,0.38412576845852914,Medium
2024-06-14,2239.0,10147.0,180760.0,121492.0,302252.0,0.59804401625134,0.40195598374866004,Medium
2024-06-15,1920.0,296.0,182680.0,121788.0,304468.0,0.599997372466072,0.400002627533928,Medium
2024-06-16,1042.0,1479.0,183722.0,123267.0,306989.0,0.5984644400939447,0.4015355599060553,Medium
2024-06-17,2721.0,1536.0,186443.0,124803.0,311246.0,0.5990213528848564,0.40097864711514364,Medium
2024-06-18,2338.0,757.0,188781.0,125560.0,314341.0,0.6005611740116625,0.3994388259883375,Medium
2024-06-19,2872.0,734.0,191653.0,126294.0,317947.0,0.6027828537460646,0.3972171462539354,Medium
2024-06-20,3616.0,1779.0,195269.0,128073.0,323342.0,0.6039085550284219,0.39609144497157805,Medium
2024-06-21,5457.0,805.0,200726.0,128878.0,329604.0,0.6089913957354887,0.39100860426451134,Medium
2024-06-22,2060.0,575.0,202786.0,129453.0,332239.0,0.6103618178479949,0.389638182152005,Medium
2024-06-23,2779.0,80.0,205565.0,129533.0,335098.0,0.6134474094145593,0.38655259058544067,Medium
2024-06-24,2819.0,1049.0,208384.0,130582.0,338966.0,0.6147637226152476,0.38523627738475247,Medium
2024-06-25,4323.0,1392.0,212707.0,131974.0,344681.0,0.6171126345809603,0.3828873654190396,Medium
2024-06-26,3759.0,1833.0,216466.0,133807.0,350273.0,0.6179922517579145,0.38200774824208544,Medium
2024-06-27,1967.0,3014.0,218433.0,136821.0,355254.0,0.6148642942795859,0.3851357057204141,Medium
2024-06-28,10060.0,6520.0,228493.0,143341.0,371834.0,0.6145027081977441,0.38549729180225584,Medium
2024-06-29,6900.0,2540.0,235393.0,145881.0,381274.0,0.6173853973782634,0.3826146026217366,Medium
2024-06-30,6692.0,15249.0,242085.0,161130.0,403215.0,0.6003868903686619,0.3996131096313381,Medium
2024-07-01,3709.0,713.0,245794.0,161843.0,407637.0,0.602972742906066,0.39702725709393405,Medium
2024-07-02,4170.0,1889.0,249964.0,163732.0,413696.0,0.6042214573019802,0.3957785426980198,Medium
2024-07-03,2706.0,723.0,252670.0,164455.0,417125.0,0.6057416841474378,0.39425831585256216,Medium
2024-07-04,967.0,460.0,253637.0,164915.0,418552.0,0.6059868307880503,0.3940131692119498,Medium
2024-07-05,4348.0,614.0,257985.0,165529.0,423514.0,0.6091534164159862,0.39084658358401375,Medium
2024-07-06,2585.0,1147.0,260570.0,166676.0,427246.0,0.6098828309685754,0.3901171690314245,Medium
2024-07-07,1951.0,1833.0,262521.0,168509.0,431030.0,0.6090550541725634,0.3909449458274366,Medium
2024-07-08,4264.0,727.0,266785.0,169236.0,436021.0,0.611862731382204,0.3881372686177959,Medium
2024-07-09,3668.0,667.0,270453.0,169903.0,440356.0,0.6141689905440144,0.3858310094559856,Medium
2024-07-10,31440.0,2821.0,301893.0,172724.0,474617.0,0.6360770895269238,0.3639229104730762,Medium
2024-07-11,3800.0,2171.0,305693.0,174895.0,480588.0,0.6360812171756265,0.36391878282437345,Medium
2024-07-12,6126.0,809.0,311819.0,175704.0,487523.0,0.6395985420175048,0.3604014579824952,Medium
2024-07-13,4137.0,1149.0,315956.0,176853.0,492809.0,0.6411327715200007,0.35886722847999936,Medium
2024-07-14,2731.0,1146.0,318687.0,177999.0,496686.0,0.6416267017793938,0.35837329822060615,Medium
2024-07-15,3879.0,575.0,322566.0,178574.0,501140.0,0.6436644450652512,0.3563355549347488,Medium
2024-07-16,5179.0,2624.0,327745.0,181198.0,508943.0,0.6439719182698259,0.3560280817301741,Medium
2024-07-17,16534.0,753.0,344279.0,181951.0,526230.0,0.654236740588716,0.34576325941128405,Medium
2024-07-18,10040.0,4909.0,354319.0,186860.0,541179.0,0.6547168312148106,0.3452831687851894,Medium
2024-07-19,14733.0,1111.0,369052.0,187971.0,557023.0,0.6625435574473586,0.33745644255264146,Medium
2024-07-20,3819.0,439.0,372871.0,188410.0,561281.0,0.6643214361433935,0.3356785638566066,Medium
2024-07-21,10511.0,398.0,383382.0,188808.0,572190.0,0.6700256907670529,0.32997430923294707,Medium
2024-07-22,14176.0,873.0,397558.0,189681.0,587239.0,0.6769952268156577,0.32300477318434234,Medium
2024-07-23,19769.0,8829.0,417327.0,198510.0,615837.0,0.6776582115072657,0.32234178849273426,Medium
2024-07-24,8776.0,3614.0,426103.0,202124.0,628227.0,0.6782627935443717,0.3217372064556283,Medium
2024-07-25,6407.0,11116.0,432510.0,213240.0,645750.0,0.6697793263646922,0.33022067363530777,Medium
2024-07-26,6492.0,1100.0,439002.0,214340.0,653342.0,0.6719329233387721,0.328067076661228,Medium
2024-07-27,5065.0,1141.0,444067.0,215481.0,659548.0,0.6732898894394342,0.3267101105605657,Medium
2024-07-28,8225.0,2856.0,452292.0,218337.0,670629.0,0.6744295280997392,0.3255704719002608,Medium
2024-07-29,11413.0,1048.0,463705.0,219385.0,683090.0,0.6788344142060343,0.32116558579396565,Medium
2024-07-30,13923.0,2888.0,477628.0,222273.0,699901.0,0.682422228286572,0.31757777171342805,Medium
2024-07-31,16445.0,4056.0,494073.0,226329.0,720402.0,0.6858295784853456,0.3141704215146543,Medium
2024-08-01,12733.0,990.0,506806.0,227319.0,734125.0,0.6903538225778989,0.30964617742210115,Medium
2024-08-02,10568.0,2289.0,517374.0,229608.0,746982.0,0.6926190992554038,0.30738090074459623,Medium
2024-08-03,6399.0,774.0,523773.0,230382.0,754155.0,0.6945163792589056,0.30548362074109436,Medium
2024-08-04,7310.0,700.0,531083.0,231082.0,762165.0,0.6968084338693065,0.3031915661306935,Medium
2024-08-05,11833.0,615.0,542916.0,231697.0,774613.0,0.7008867653912341,0.29911323460876593,Medium
2024-08-06,12225.0,463.0,555141.0,232160.0,787301.0,0.7051191348670965,0.2948808651329034,Medium
2024-08-07,18284.0,1424.0,573425.0,233584.0,807009.0,0.7105558921895543,0.2894441078104457,Medium
2024-08-08,10351.0,4343.0,583776.0,237927.0,821703.0,0.7104464751862899,0.28955352481371005,Medium
2024-08-09,24814.0,710.0,608590.0,238637.0,847227.0,0.7183316867852417,0.28166831321475827,Medium
2024-08-10,9983.0,1482.0,618573.0,240119.0,858692.0,0.7203665575083965,0.2796334424916035,Medium
2024-08-11,5772.0,1801.0,624345.0,241920.0,866265.0,0.7207321085349171,0.27926789146508285,Medium
2024-08-12,9840.0,793.0,634185.0,242713.0,876898.0,0.7232141024383679,0.276785897561632,Medium
2024-08-13,16428.0,829.0,650613.0,243542.0,894155.0,0.7276288786619769,0.27237112133802305,Medium
2024-08-14,11438.0,2186.0,662051.0,245728.0,907779.0,0.7293085651904263,0.2706914348095737,Medium
2024-08-15,23192.0,13549.0,685243.0,259277.0,944520.0,0.7254933722949223,0.2745066277050777,Medium
2024-08-16,9649.0,2011.0,694892.0,261288.0,956180.0,0.7267376435399192,0.27326235646008074,Medium
2024-08-17,8594.0,1008.0,703486.0,262296.0,965782.0,0.7284107593639144,0.2715892406360856,Medium
2024-08-18,6899.0,958.0,710385.0,263254.0,973639.0,0.729618472555023,0.27038152744497707,Medium
2024-08-19,8024.0,455.0,718409.0,263709.0,982118.0,0.7314894951523137,0.26851050484768635,Medium
2024-08-20,29333.0,5177.0,747742.0,268886.0,1016628.0,0.7355119079938778,0.2644880920061222,Medium
2024-08-21,39775.0,6336.0,787517.0,275222.0,1062739.0,0.7410257833767275,0.2589742166232725,Medium
2024-08-22,15395.0,1498.0,802912.0,276720.0,1079632.0,0.743690442669354,0.256309557330646,Medium
2024-08-23,19091.0,1895.0,822003.0,278615.0,1100618.0,0.7468558573456003,0.2531441426543996,Medium
2024-08-24,14597.0,1401.0,836600.0,280016.0,1116616.0,0.7492280246745524,0.2507719753254476,Medium
2024-08-25,12247.0,2213.0,848847.0,282229.0,1131076.0,0.7504774214995279,0.2495225785004721,Medium
2024-08-26,14582.0,11781.0,863429.0,294010.0,1157439.0,0.7459822936673121,0.25401770633268794,Medium
2024-08-27,35529.0,10112.0,898958.0,304122.0,1203080.0,0.7472138178674735,0.2527861821325265,Medium
2024-08-28,30194.0,5992.0,929152.0,310114.0,1239266.0,0.7497599385442674,0.2502400614557327,Medium
2024-08-29,23157.0,5767.0,952309.0,315881.0,1268190.0,0.7509198148542411,0.24908018514575891,Medium
2024-08-30,24702.0,5329.0,977011.0,321210.0,1298221.0,0.752576795476271,0.247423204523729,Medium
2024-08-31,24866.0,7887.0,1001877.0,329097.0,1330974.0,0.7527397229397419,0.24726027706025813,Medium
2024-09-01,15504.0,549.0,1017381.0,329646.0,1347027.0,0.7552788474173123,0.24472115258268765,Medium
2024-09-02,11792.0,1697.0,1029173.0,331343.0,1360516.0,0.7564578439356833,0.24354215606431678,Medium
2024-09-03,25217.0,2426.0,1054390.0,333769.0,1388159.0,0.7595599639522562,0.2404400360477438,Medium
2024-09-04,36353.0,3911.0,1090743.0,337680.0,1428423.0,0.7635994379816063,0.2364005620183937,Medium
2024-09-05,12640.0,16556.0,1103383.0,354236.0,1457619.0,0.7569762743213418,0.24302372567865815,Medium
2024-09-06,17804.0,13582.0,1121187.0,367818.0,1489005.0,0.7529773237833318,0.24702267621666818,Medium
2024-09-07,13666.0,1688.0,1134853.0,369506.0,1504359.0,0.7543764487067249,0.24562355129327507,Medium
2024-09-08,15759.0,1991.0,1150612.0,371497.0,1522109.0,0.7559327222951838,0.24406727770481615,Medium
2024-09-09,24040.0,5245.0,1174652.0,376742.0,1551394.0,0.7571590453488927,0.24284095465110733,Medium
2024-09-10,26220.0,3283.0,1200872.0,380025.0,1580897.0,0.7596143202245308,0.24038567977546924,Medium
2024-09-11,31080.0,2256.0,1231952.0,382281.0,1614233.0,0.7631810277698449,0.23681897223015513,Medium
2024-09-12,20416.0,1835.0,1252368.0,384116.0,1636484.0,0.7652797094258178,0.2347202905741822,Medium
2024-09-13,19783.0,5200.0,1272151.0,389316.0,1661467.0,0.765679366487568,0.2343206335124321,Medium
2024-09-14,15479.0,979.0,1287630.0,390295.0,1677925.0,0.7673942518288958,0.2326057481711042,Medium
2024-09-15,18989.0,2139.0,1306619.0,392434.0,1699053.0,0.7690278054892932,0.23097219451070686,Medium
2024-09-16,18456.0,15840.0,1325075.0,408274.0,1733349.0,0.7644594366166306,0.23554056338336943,Medium
2024-09-17,22559.0,2890.0,1347634.0,411164.0,1758798.0,0.7662244328228711,0.2337755671771289,Medium
2024-09-18,21437.0,3893.0,1369071.0,415057.0,1784128.0,0.7673614224988342,0.23263857750116584,Medium
2024-09-19,27639.0,2096.0,1396710.0,417153.0,1813863.0,0.7700195659760412,0.22998043402395882,Medium
2024-09-20,18041.0,2743.0,1414751.0,419896.0,1834647.0,0.771129814073225,0.22887018592677502,Medium
2024-09-21,15699.0,1247.0,1430450.0,421143.0,1851593.0,0.7725509871769876,0.22744901282301241,Medium
2024-09-22,17201.0,1808.0,1447651.0,422951.0,1870602.0,0.773895783282601,0.226104216717399,Medium
2024-09-23,25066.0,4325.0,1472717.0,427276.0,1899993.0,0.7751170662207703,0.22488293377922972,Medium
2024-09-24,26886.0,6722.0,1499603.0,433998.0,1933601.0,0.7755493506674852,0.22445064933251482,Medium
2024-09-25,34192.0,3397.0,1533795.0,437395.0,1971190.0,0.7781061186389947,0.22189388136100527,Medium
2024-09-26,20965.0,5265.0,1554760.0,442660.0,1997420.0,0.7783841155090067,0.22161588449099337,Medium
2024-09-27,28383.0,2279.0,1583143.0,444939.0,2028082.0,0.7806109417666544,0.2193890582333456,Medium
2024-09-28,19104.0,1847.0,1602247.0,446786.0,2049033.0,0.7819527552752933,0.21804724472470674,Medium
2024-09-29,20104.0,6491.0,1622351.0,453277.0,2075628.0,0.7816193460485212,0.2183806539514788,Medium
2024-09-30,42928.0,13234.0,1665279.0,466511.0,2131790.0,0.7811646550551414,0.21883534494485854,Medium
2024-10-01,19773.0,2435.0,1685052.0,468946.0,2153998.0,0.7822904199539646,0.21770958004603533,Medium
2024-10-02,14426.0,1859.0,1699478.0,470805.0,2170283.0,0.7830674617089107,0.21693253829108922,Medium
2024-10-03,12283.0,2708.0,1711761.0,473513.0,2185274.0,0.7833164170717265,0.21668358292827353,Medium
2024-10-04,17056.0,2163.0,1728817.0,475676.0,2204493.0,0.7842243091722224,0.21577569082777764,Medium
2024-10-05,12109.0,2985.0,1740926.0,478661.0,2219587.0,0.7843468176737384,0.2156531823262616,Medium
2024-10-06,10742.0,3208.0,1751668.0,481869.0,2233537.0,0.7842574356278853,0.21574256437211473,Medium
2024-10-07,18835.0,3163.0,1770503.0,485032.0,2255535.0,0.7849592225347867,0.21504077746521336,Medium
2024-10-08,18812.0,6014.0,1789315.0,491046.0,2280361.0,0.7846630423867098,0.21533695761329016,Medium
2024-10-09,11773.0,2534.0,1801088.0,493580.0,2294668.0,0.7849013452054938,0.2150986547945062,Medium
2024-10-10,20803.0,19228.0,1821891.0,512808.0,2334699.0,0.7803536986994898,0.21964630130051027,Medium
2024-10-11,19887.0,7506.0,1841778.0,520314.0,2362092.0,0.7797232283924589,0.2202767716075411,Medium
2024-10-12,9573.0,1943.0,1851351.0,522257.0,2373608.0,0.7799733570159858,0.2200266429840142,Medium
2024-10-13,10442.0,1455.0,1861793.0,523712.0,2385505.0,0.7804607410171012,0.2195392589828988,Medium
2024-10-14,15713.0,3538.0,1877506.0,527250.0,2404756.0,0.7807469863886398,0.21925301361136015,Medium
2024-10-15,19077.0,3330.0,1896583.0,530580.0,2427163.0,0.7813991066936996,0.2186008933063004,Medium
2024-10-16,16463.0,4441.0,1913046.0,535021.0,2448067.0,0.7814516514458142,0.2185483485541858,Medium
2024-10-17,16285.0,4074.0,1929331.0,539095.0,2468426.0,0.7816037426278932,0.21839625737210677,Medium
2024-10-18,9483.0,5546.0,1938814.0,544641.0,2483455.0,0.780692221119368,0.21930777888063202,Medium
2024-10-19,6919.0,1508.0,1945733.0,546149.0,2491882.0,0.7808287069772967,0.21917129302270333,Medium
2024-10-20,10925.0,2705.0,1956658.0,548854.0,2505512.0,0.7809413804443962,0.2190586195556038,Medium
2024-10-21,15626.0,2553.0,1972284.0,551407.0,2523691.0,0.7815077202399184,0.21849227976008156,Medium
2024-10-22,12192.0,10069.0,1984476.0,561476.0,2545952.0,0.7794632420406983,0.22053675795930167,Medium
2024-10-23,14571.0,2575.0,1999047.0,564051.0,2563098.0,0.7799338925004038,0.22006610749959618,Medium
2024-10-24,11553.0,3423.0,2010600.0,567474.0,2578074.0,0.7798845184428376,0.22011548155716243,Medium
2024-10-25,13640.0,6741.0,2024240.0,574215.0,2598455.0,0.7790167618835039,0.22098323811649614,Medium
2024-10-26,9507.0,2172.0,2033747.0,576387.0,2610134.0,0.779173406422812,0.22082659357718798,Medium
2024-10-27,9949.0,1126.0,2043696.0,577513.0,2621209.0,0.7796768590371848,0.22032314096281524,Medium
2024-10-28,15712.0,5245.0,2059408.0,582758.0,2642166.0,0.7794392933676385,0.2205607066323615,Medium
2024-10-29,12326.0,3918.0,2071734.0,586676.0,2658410.0,0.7793131984908273,0.22068680150917278,Medium
2024-10-30,15613.0,12898.0,2087347.0,599574.0,2686921.0,0.7768546228192046,0.2231453771807954,Medium
2024-10-31,13460.0,6819.0,2100807.0,606393.0,2707200.0,0.7760073138297873,0.22399268617021276,Medium
2024-11-01,10628.0,2101.0,2111435.0,608494.0,2719929.0,0.7762831309199615,0.2237168690800385,Medium
2024-11-02,9036.0,1080.0,2120471.0,609574.0,2730045.0,0.7767165010100566,0.2232834989899434,Medium
2024-11-03,9312.0,434.0,2129783.0,610008.0,2739791.0,0.7773523600887805,0.2226476399112195,Medium
2024-11-04,10121.0,1903.0,2139904.0,611911.0,2751815.0,0.7776336708681362,0.22236632913186388,Medium
2024-11-05,7023.0,8640.0,2146927.0,620551.0,2767478.0,0.7757702138914926,0.22422978610850747,Medium
2024-04-03,17998.0,21743.0,17998.0,21743.0,39741.0,0.4528824136282429,0.5471175863717571,Large
2024-04-04,19963.0,2829.0,37961.0,24572.0,62533.0,0.6070554747093535,0.39294452529064655,Large
2024-04-05,8070.0,14885.0,46031.0,39457.0,85488.0,0.5384498409133446,0.4615501590866554,Large
2024-04-06,1781.0,3860.0,47812.0,43317.0,91129.0,0.5246628405886161,0.4753371594113839,Large
2024-04-07,3883.0,8465.0,51695.0,51782.0,103477.0,0.4995796167264223,0.5004203832735777,Large
2024-04-08,2978.0,9610.0,54673.0,61392.0,116065.0,0.47105501227760305,0.528944987722397,Large
2024-04-09,17565.0,20423.0,72238.0,81815.0,154053.0,0.46891654170967134,0.5310834582903287,Large
2024-04-10,9374.0,16274.0,81612.0,98089.0,179701.0,0.45415440092153075,0.5458455990784692,Large
2024-04-11,35119.0,3493.0,116731.0,101582.0,218313.0,0.5346955976052732,0.4653044023947268,Large
2024-04-12,7963.0,2936.0,124694.0,104518.0,229212.0,0.5440116573303317,0.45598834266966826,Large
2024-04-13,9022.0,3442.0,133716.0,107960.0,241676.0,0.553286217911584,0.4467137820884159,Large
2024-04-14,7650.0,2794.0,141366.0,110754.0,252120.0,0.5607091861018563,0.43929081389814373,Large
2024-04-15,18591.0,11195.0,159957.0,121949.0,281906.0,0.5674125417692423,0.4325874582307578,Large
2024-04-16,36131.0,14123.0,196088.0,136072.0,332160.0,0.5903420038535645,0.40965799614643544,Large
2024-04-17,18230.0,4156.0,214318.0,140228.0,354546.0,0.6044857366886103,0.3955142633113898,Large
2024-04-18,13662.0,98506.0,227980.0,238734.0,466714.0,0.48847902569882196,0.511520974301178,Large
2024-04-19,19686.0,17568.0,247666.0,256302.0,503968.0,0.49143199568226553,0.5085680043177344,Large
2024-04-20,5036.0,9391.0,252702.0,265693.0,518395.0,0.4874699794558204,0.5125300205441796,Large
2024-04-21,14175.0,7900.0,266877.0,273593.0,540470.0,0.4937868891890392,0.5062131108109609,Large
2024-04-22,13525.0,10333.0,280402.0,283926.0,564328.0,0.4968777023291419,0.503122297670858,Large
2024-04-23,13956.0,16267.0,294358.0,300193.0,594551.0,0.4950929356775113,0.5049070643224888,Large
2024-04-24,10783.0,114107.0,305141.0,414300.0,719441.0,0.4241362391078629,0.5758637608921371,Large
2024-04-25,13850.0,10121.0,318991.0,424421.0,743412.0,0.4290904639688356,0.5709095360311645,Large
2024-04-26,15377.0,22993.0,334368.0,447414.0,781782.0,0.42769979354858517,0.5723002064514149,Large
2024-04-27,5057.0,2607.0,339425.0,450021.0,789446.0,0.42995341036625684,0.5700465896337431,Large
2024-04-28,4817.0,4873.0,344242.0,454894.0,799136.0,0.4307677291474793,0.5692322708525207,Large
2024-04-29,18779.0,6477.0,363021.0,461371.0,824392.0,0.4403499791361391,0.5596500208638608,Large
2024-04-30,12656.0,8103.0,375677.0,469474.0,845151.0,0.4445087327589981,0.555491267241002,Large
2024-05-01,6259.0,26168.0,381936.0,495642.0,877578.0,0.43521601498670204,0.564783985013298,Large
2024-05-02,19536.0,27482.0,401472.0,523124.0,924596.0,0.43421342943296315,0.5657865705670369,Large
2024-05-03,6537.0,3979.0,408009.0,527103.0,935112.0,0.4363209968431589,0.563679003156841,Large
2024-05-04,8800.0,3263.0,416809.0,530366.0,947175.0,0.44005490009765885,0.5599450999023412,Large
2024-05-05,11243.0,2248.0,428052.0,532614.0,960666.0,0.4455783799988758,0.5544216200011243,Large
2024-05-06,11567.0,10298.0,439619.0,542912.0,982531.0,0.44743524631792786,0.5525647536820721,Large
2024-05-07,16817.0,4400.0,456436.0,547312.0,1003748.0,0.4547316657168931,0.545268334283107,Large
2024-05-08,25955.0,10619.0,482391.0,557931.0,1040322.0,0.46369393322452085,0.5363060667754791,Large
2024-05-09,24208.0,19534.0,506599.0,577465.0,1084064.0,0.4673146603890545,0.5326853396109454,Large
2024-05-10,24406.0,105297.0,531005.0,682762.0,1213767.0,0.43748511864303447,0.5625148813569656,Large
2024-05-11,3689.0,16403.0,534694.0,699165.0,1233859.0,0.43335097446304643,0.5666490255369536,Large
2024-05-12,5447.0,27180.0,540141.0,726345.0,1266486.0,0.4264879359108589,0.5735120640891411,Large
2024-05-13,7401.0,44208.0,547542.0,770553.0,1318095.0,0.4154040490252979,0.5845959509747021,Large
2024-05-14,90068.0,116222.0,637610.0,886775.0,1524385.0,0.4182735988611801,0.5817264011388199,Large
2024-05-15,206598.0,16570.0,844208.0,903345.0,1747553.0,0.48308005536885007,0.51691994463115,Large
2024-05-16,41256.0,5527.0,885464.0,908872.0,1794336.0,0.4934772528667986,0.5065227471332013,Large
2024-05-17,20355.0,4291.0,905819.0,913163.0,1818982.0,0.49798128843495976,0.5020187115650402,Large
2024-05-18,26281.0,9756.0,932100.0,922919.0,1855019.0,0.5024746377260826,0.4975253622739174,Large
2024-05-19,18704.0,795.0,950804.0,923714.0,1874518.0,0.5072258575271082,0.4927741424728917,Large
2024-05-20,14488.0,64172.0,965292.0,987886.0,1953178.0,0.49421609295210167,0.5057839070478983,Large
2024-05-21,19805.0,12595.0,985097.0,1000481.0,1985578.0,0.4961260650551124,0.5038739349448876,Large
2024-05-22,30479.0,15884.0,1015576.0,1016365.0,2031941.0,0.4998058506620025,0.5001941493379976,Large
2024-05-23,16926.0,37583.0,1032502.0,1053948.0,2086450.0,0.49486064846988903,0.5051393515301109,Large
2024-05-24,11799.0,7127.0,1044301.0,1061075.0,2105376.0,0.49601638852157526,0.5039836114784247,Large
2024-05-25,12887.0,208.0,1057188.0,1061283.0,2118471.0,0.49903350104863364,0.5009664989513664,Large
2024-05-26,6534.0,10783.0,1063722.0,1072066.0,2135788.0,0.49804662260486526,0.5019533773951347,Large
2024-05-27,11257.0,3791.0,1074979.0,1075857.0,2150836.0,0.4997958933177611,0.5002041066822389,Large
2024-05-28,10825.0,13482.0,1085804.0,1089339.0,2175143.0,0.4991874097473132,0.5008125902526869,Large
2024-05-29,12710.0,24595.0,1098514.0,1113934.0,2212448.0,0.49651517233399384,0.5034848276660061,Large
2024-05-30,15428.0,21941.0,1113942.0,1135875.0,2249817.0,0.49512560354908863,0.5048743964509114,Large
2024-05-31,26406.0,35494.0,1140348.0,1171369.0,2311717.0,0.4932904849512289,0.5067095150487712,Large
2024-06-01,2916.0,10211.0,1143264.0,1181580.0,2324844.0,0.49175944708548186,0.5082405529145181,Large
2024-06-02,5555.0,4653.0,1148819.0,1186233.0,2335052.0,0.4919886152428297,0.5080113847571703,Large
2024-06-03,17375.0,26539.0,1166194.0,1212772.0,2378966.0,0.4902104527765424,0.5097895472234576,Large
2024-06-04,39834.0,25363.0,1206028.0,1238135.0,2444163.0,0.49343190286408883,0.5065680971359111,Large
2024-06-05,13097.0,5960.0,1219125.0,1244095.0,2463220.0,0.49493143121605054,0.5050685687839495,Large
2024-06-06,27551.0,8025.0,1246676.0,1252120.0,2498796.0,0.4989106753812636,0.5010893246187363,Large
2024-06-07,10060.0,16923.0,1256736.0,1269043.0,2525779.0,0.4975637219249982,0.5024362780750018,Large
2024-06-08,5711.0,2597.0,1262447.0,1271640.0,2534087.0,0.4981861317310732,0.5018138682689268,Large
2024-06-09,10225.0,2138.0,1272672.0,1273778.0,2546450.0,0.49978283492705533,0.5002171650729447,Large
2024-06-10,6127.0,9105.0,1278799.0,1282883.0,2561682.0,0.4992028674909688,0.5007971325090311,Large
2024-06-11,21470.0,2598.0,1300269.0,1285481.0,2585750.0,0.5028595185149376,0.49714048148506235,Large
2024-06-12,6816.0,20366.0,1307085.0,1305847.0,2612932.0,0.5002368986257584,0.4997631013742417,Large
2024-06-13,15105.0,12199.0,1322190.0,1318046.0,2640236.0,0.500784778330422,0.49921522166957805,Large
2024-06-14,13526.0,70193.0,1335716.0,1388239.0,2723955.0,0.49035905512389155,0.5096409448761084,Large
2024-06-15,10971.0,2849.0,1346687.0,1391088.0,2737775.0,0.49189104290893154,0.5081089570910685,Large
2024-06-16,15056.0,230.0,1361743.0,1391318.0,2753061.0,0.4946287060112362,0.5053712939887638,Large
2024-06-17,21975.0,10205.0,1383718.0,1401523.0,2785241.0,0.49680368772397077,0.5031963122760292,Large
2024-06-18,13101.0,4602.0,1396819.0,1406125.0,2802944.0,0.49833995969951594,0.5016600403004841,Large
2024-06-19,14392.0,4712.0,1411211.0,1410837.0,2822048.0,0.5000662639331436,0.4999337360668564,Large
2024-06-20,45627.0,23371.0,1456838.0,1434208.0,2891046.0,0.5039138083586356,0.4960861916413644,Large
2024-06-21,22930.0,9699.0,1479768.0,1443907.0,2923675.0,0.5061328636048809,0.49386713639511914,Large
2024-06-22,19044.0,2996.0,1498812.0,1446903.0,2945715.0,0.5088109338479792,0.4911890661520208,Large
2024-06-23,11515.0,308.0,1510327.0,1447211.0,2957538.0,0.5106703616318709,0.48932963836812915,Large
2024-06-24,33263.0,7417.0,1543590.0,1454628.0,2998218.0,0.5148358124726087,0.48516418752739127,Large
2024-06-25,30194.0,7980.0,1573784.0,1462608.0,3036392.0,0.5183072541358297,0.4816927458641704,Large
2024-06-26,42761.0,8735.0,1616545.0,1471343.0,3087888.0,0.5235115392786267,0.4764884607213733,Large
2024-06-27,26139.0,32884.0,1642684.0,1504227.0,3146911.0,0.5219988744518037,0.4780011255481963,Large
2024-06-28,83302.0,34195.0,1725986.0,1538422.0,3264408.0,0.5287286393122428,0.47127136068775716,Large
2024-06-29,12204.0,13503.0,1738190.0,1551925.0,3290115.0,0.5283067613138143,0.47169323868618573,Large
2024-06-30,67406.0,126935.0,1805596.0,1678860.0,3484456.0,0.5181859090773423,0.48181409092265765,Large
2024-07-01,9361.0,6725.0,1814957.0,1685585.0,3500542.0,0.5184788527033813,0.48152114729661866,Large
2024-07-02,13973.0,5539.0,1828930.0,1691124.0,3520054.0,0.5195744156197604,0.48042558438023963,Large
2024-07-03,25145.0,2387.0,1854075.0,1693511.0,3547586.0,0.5226300363120161,0.4773699636879839,Large
2024-07-04,5463.0,435.0,1859538.0,1693946.0,3553484.0,0.5232999501334465,0.4767000498665535,Large
2024-07-05,11522.0,1480.0,1871060.0,1695426.0,3566486.0,0.5246228360352458,0.4753771639647541,Large
2024-07-06,7809.0,682.0,1878869.0,1696108.0,3574977.0,0.5255611434702937,0.47443885652970635,Large
2024-07-07,9780.0,921.0,1888649.0,1697029.0,3585678.0,0.5267201907142806,0.47327980928571944,Large
2024-07-08,13881.0,1333.0,1902530.0,1698362.0,3600892.0,0.5283496422553079,0.47165035774469216,Large
2024-07-09,9841.0,2841.0,1912371.0,1701203.0,3613574.0,0.529218718089072,0.47078128191092805,Large
2024-07-10,66298.0,12540.0,1978669.0,1713743.0,3692412.0,0.535874382382031,0.46412561761796894,Large
2024-07-11,22223.0,5955.0,2000892.0,1719698.0,3720590.0,0.537788899072459,0.4622111009275411,Large
2024-07-12,17609.0,4085.0,2018501.0,1723783.0,3742284.0,0.5393767549443067,0.46062324505569324,Large
2024-07-13,4414.0,436.0,2022915.0,1724219.0,3747134.0,0.53985659439988,0.46014340560011996,Large
2024-07-14,18833.0,964.0,2041748.0,1725183.0,3766931.0,0.5420189538911119,0.4579810461088881,Large
2024-07-15,18631.0,1568.0,2060379.0,1726751.0,3787130.0,0.5440476033302263,0.45595239666977366,Large
2024-07-16,18221.0,4370.0,2078600.0,1731121.0,3809721.0,0.545604258159587,0.454395741840413,Large
2024-07-17,40142.0,5441.0,2118742.0,1736562.0,3855304.0,0.54956548173633,0.45043451826367,Large
2024-07-18,16946.0,44334.0,2135688.0,1780896.0,3916584.0,0.5452935517277301,0.4547064482722699,Large
2024-07-19,34772.0,9697.0,2170460.0,1790593.0,3961053.0,0.5479502546418844,0.45204974535811565,Large
2024-07-20,13189.0,1848.0,2183649.0,1792441.0,3976090.0,0.5491950634920235,0.45080493650797643,Large
2024-07-21,26939.0,3314.0,2210588.0,1795755.0,4006343.0,0.5517720275073802,0.4482279724926198,Large
2024-07-22,68916.0,5549.0,2279504.0,1801304.0,4080808.0,0.5585913377938879,0.44140866220611213,Large
2024-07-23,47999.0,23596.0,2327503.0,1824900.0,4152403.0,0.5605195353148527,0.4394804646851474,Large
2024-07-24,28146.0,2069.0,2355649.0,1826969.0,4182618.0,0.5631996515101307,0.43680034848986926,Large
2024-07-25,25516.0,64588.0,2381165.0,1891557.0,4272722.0,0.5572946238954933,0.44270537610450666,Large
2024-07-26,31081.0,7368.0,2412246.0,1898925.0,4311171.0,0.5595338250326883,0.44046617496731166,Large
2024-07-27,21901.0,4845.0,2434147.0,1903770.0,4337917.0,0.5611326818839549,0.4388673181160451,Large
2024-07-28,23597.0,3445.0,2457744.0,1907215.0,4364959.0,0.5630623334606351,0.436937666539365,Large
2024-07-29,48781.0,1981.0,2506525.0,1909196.0,4415721.0,0.5676366328398013,0.43236336716019874,Large
2024-07-30,45815.0,24745.0,2552340.0,1933941.0,4486281.0,0.5689211175135931,0.4310788824864069,Large
2024-07-31,78746.0,13701.0,2631086.0,1947642.0,4578728.0,0.5746325180268407,0.4253674819731594,Large
2024-08-01,39280.0,6965.0,2670366.0,1954607.0,4624973.0,0.5773798030820937,0.4226201969179063,Large
2024-08-02,36792.0,37405.0,2707158.0,1992012.0,4699170.0,0.5760927993666967,0.42390720063330334,Large
2024-08-03,19511.0,1664.0,2726669.0,1993676.0,4720345.0,0.577641888463661,0.42235811153633895,Large
2024-08-04,16618.0,3456.0,2743287.0,1997132.0,4740419.0,0.5787013763973184,0.42129862360268155,Large
2024-08-05,19146.0,1940.0,2762433.0,1999072.0,4761505.0,0.580159634401308,0.41984036559869203,Large
2024-08-06,27486.0,5679.0,2789919.0,2004751.0,4794670.0,0.5818792534209862,0.41812074657901377,Large
2024-08-07,81418.0,1338.0,2871337.0,2006089.0,4877426.0,0.5886992442325112,0.4113007557674888,Large
2024-08-08,26098.0,31406.0,2897435.0,2037495.0,4934930.0,0.5871278822597281,0.4128721177402719,Large
2024-08-09,38673.0,4396.0,2936108.0,2041891.0,4977999.0,0.589816912377845,0.410183087622155,Large
2024-08-10,27430.0,5814.0,2963538.0,2047705.0,5011243.0,0.5913778278163722,0.4086221721836279,Large
2024-08-11,22381.0,2081.0,2985919.0,2049786.0,5035705.0,0.5929495472828531,0.40705045271714685,Large
2024-08-12,29116.0,6196.0,3015035.0,2055982.0,5071017.0,0.594562195315062,0.40543780468493795,Large
2024-08-13,41053.0,5866.0,3056088.0,2061848.0,5117936.0,0.5971329067030147,0.40286709329698533,Large
2024-08-14,52095.0,445.0,3108183.0,2062293.0,5170476.0,0.6011405913111288,0.3988594086888712,Large
2024-08-15,40279.0,46293.0,3148462.0,2108586.0,5257048.0,0.5989030345547539,0.4010969654452461,Large
2024-08-16,19824.0,6087.0,3168286.0,2114673.0,5282959.0,0.5997180746623246,0.40028192533767537,Large
2024-08-17,19587.0,3107.0,3187873.0,2117780.0,5305653.0,0.600844608571273,0.3991553914287271,Large
2024-08-18,14640.0,1379.0,3202513.0,2119159.0,5321672.0,0.6017869947640516,0.3982130052359484,Large
2024-08-19,27048.0,10975.0,3229561.0,2130134.0,5359695.0,0.6025643250222261,0.39743567497777393,Large
2024-08-20,61341.0,12600.0,3290902.0,2142734.0,5433636.0,0.6056537464048015,0.3943462535951985,Large
2024-08-21,86916.0,27917.0,3377818.0,2170651.0,5548469.0,0.6087837924299478,0.3912162075700522,Large
2024-08-22,48031.0,4716.0,3425849.0,2175367.0,5601216.0,0.61162593979593,0.38837406020406995,Large
2024-08-23,64271.0,9301.0,3490120.0,2184668.0,5674788.0,0.6150220942174404,0.38497790578255964,Large
2024-08-24,23236.0,2843.0,3513356.0,2187511.0,5700867.0,0.6162845054971463,0.3837154945028537,Large
2024-08-25,35920.0,5950.0,3549276.0,2193461.0,5742737.0,0.6180460640980077,0.3819539359019924,Large
2024-08-26,27959.0,34427.0,3577235.0,2227888.0,5805123.0,0.6162203626004135,0.38377963739958654,Large
2024-08-27,89129.0,28622.0,3666364.0,2256510.0,5922874.0,0.6190177268670581,0.38098227313294186,Large
2024-08-28,97700.0,14450.0,3764064.0,2270960.0,6035024.0,0.623703236308588,0.376296763691412,Large
2024-08-29,60383.0,15604.0,3824447.0,2286564.0,6111011.0,0.6258288522144699,0.37417114778553007,Large
2024-08-30,46429.0,30959.0,3870876.0,2317523.0,6188399.0,0.6255052397235537,0.3744947602764463,Large
2024-08-31,59396.0,22291.0,3930272.0,2339814.0,6270086.0,0.6268290418983089,0.3731709581016911,Large
2024-09-01,36873.0,5100.0,3967145.0,2344914.0,6312059.0,0.628502521918759,0.371497478081241,Large
2024-09-02,48874.0,12441.0,4016019.0,2357355.0,6373374.0,0.6301244835153248,0.36987551648467515,Large
2024-09-03,53948.0,20647.0,4069967.0,2378002.0,6447969.0,0.6312013907014752,0.36879860929852487,Large
2024-09-04,101948.0,23072.0,4171915.0,2401074.0,6572989.0,0.6347059153757902,0.36529408462420976,Large
2024-09-05,49930.0,37235.0,4221845.0,2438309.0,6660154.0,0.6338960030053359,0.36610399699466406,Large
2024-09-06,99345.0,49624.0,4321190.0,2487933.0,6809123.0,0.6346177033371257,0.3653822966628742,Large
2024-09-07,24182.0,2647.0,4345372.0,2490580.0,6835952.0,0.6356644985219323,0.3643355014780677,Large
2024-09-08,22244.0,3250.0,4367616.0,2493830.0,6861446.0,0.6365445417773454,0.3634554582226545,Large
2024-09-09,48987.0,26393.0,4416603.0,2520223.0,6936826.0,0.6366893158340716,0.3633106841659283,Large
2024-09-10,56416.0,9787.0,4473019.0,2530010.0,7003029.0,0.6387263282788063,0.3612736717211938,Large
2024-09-11,136593.0,16306.0,4609612.0,2546316.0,7155928.0,0.6441669060951982,0.3558330939048017,Large
2024-09-12,75431.0,21380.0,4685043.0,2567696.0,7252739.0,0.6459687850341781,0.3540312149658219,Large
2024-09-13,40576.0,13581.0,4725619.0,2581277.0,7306896.0,0.6467341262281548,0.3532658737718451,Large
2024-09-14,42457.0,4354.0,4768076.0,2585631.0,7353707.0,0.6483908048008984,0.3516091951991016,Large
2024-09-15,53374.0,4721.0,4821450.0,2590352.0,7411802.0,0.6505098220378795,0.3494901779621204,Large
2024-09-16,52442.0,65063.0,4873892.0,2655415.0,7529307.0,0.6473227881397319,0.3526772118602681,Large
2024-09-17,59166.0,10363.0,4933058.0,2665778.0,7598836.0,0.6491860069094793,0.3508139930905207,Large
2024-09-18,83792.0,11173.0,5016850.0,2676951.0,7693801.0,0.6520639148322136,0.3479360851677864,Large
2024-09-19,64404.0,10849.0,5081254.0,2687800.0,7769054.0,0.654037673055175,0.3459623269448249,Large
2024-09-20,51435.0,10158.0,5132689.0,2697958.0,7830647.0,0.6554616751336129,0.34453832486638714,Large
2024-09-21,39857.0,7457.0,5172546.0,2705415.0,7877961.0,0.6565843623749851,0.3434156376250149,Large
2024-09-22,32593.0,8433.0,5205139.0,2713848.0,7918987.0,0.6572985913476055,0.34270140865239457,Large
2024-09-23,52959.0,26604.0,5258098.0,2740452.0,7998550.0,0.6573814003788186,0.34261859962118135,Large
2024-09-24,58197.0,54215.0,5316295.0,2794667.0,8110962.0,0.6554456795630408,0.34455432043695927,Large
2024-09-25,123122.0,13584.0,5439417.0,2808251.0,8247668.0,0.659509694134148,0.340490305865852,Large
2024-09-26,46979.0,21958.0,5486396.0,2830209.0,8316605.0,0.6596917852897908,0.3403082147102093,Large
2024-09-27,67490.0,13233.0,5553886.0,2843442.0,8397328.0,0.6613872889090434,0.33861271109095653,Large
2024-09-28,49302.0,6253.0,5603188.0,2849695.0,8452883.0,0.6628730103090271,0.3371269896909729,Large
2024-09-29,50247.0,20707.0,5653435.0,2870402.0,8523837.0,0.6632500128756568,0.3367499871243432,Large
2024-09-30,200832.0,128761.0,5854267.0,2999163.0,8853430.0,0.6612428177553784,0.3387571822446216,Large
2024-10-01,46826.0,17639.0,5901093.0,3016802.0,8917895.0,0.661713666734134,0.338286333265866,Large
2024-10-02,48026.0,5107.0,5949119.0,3021909.0,8971028.0,0.6631479692182435,0.3368520307817566,Large
2024-10-03,37874.0,17773.0,5986993.0,3039682.0,9026675.0,0.6632556284567684,0.3367443715432316,Large
2024-10-04,43419.0,10758.0,6030412.0,3050440.0,9080852.0,0.6640799783985027,0.3359200216014973,Large
2024-10-05,28024.0,1763.0,6058436.0,3052203.0,9110639.0,0.6649847502463878,0.33501524975361224,Large
2024-10-06,28994.0,20092.0,6087430.0,3072295.0,9159725.0,0.664586545993466,0.33541345400653405,Large
2024-10-07,44306.0,9386.0,6131736.0,3081681.0,9213417.0,0.6655224657692146,0.3344775342307854,Large
2024-10-08,37680.0,19843.0,6169416.0,3101524.0,9270940.0,0.6654574401301271,0.33454255986987297,Large
2024-10-09,46600.0,1975.0,6216016.0,3103499.0,9319515.0,0.6669892156405135,0.3330107843594865,Large
2024-10-10,60323.0,54865.0,6276339.0,3158364.0,9434703.0,0.6652397007091797,0.3347602992908203,Large
2024-10-11,40655.0,59374.0,6316994.0,3217738.0,9534732.0,0.6625245470979153,0.3374754529020847,Large
2024-10-12,22877.0,11558.0,6339871.0,3229296.0,9569167.0,0.6625311273175607,0.33746887268243936,Large
2024-10-13,26071.0,6993.0,6365942.0,3236289.0,9602231.0,0.6629648880557029,0.33703511194429714,Large
2024-10-14,52564.0,17660.0,6418506.0,3253949.0,9672455.0,0.6635860285728907,0.33641397142710927,Large
2024-10-15,92181.0,17850.0,6510687.0,3271799.0,9782486.0,0.6655452407496417,0.3344547592503582,Large
2024-10-16,64848.0,26884.0,6575535.0,3298683.0,9874218.0,0.6659296969137202,0.33407030308627983,Large
2024-10-17,47757.0,17214.0,6623292.0,3315897.0,9939189.0,0.6663815327387376,0.3336184672612625,Large
2024-10-18,39327.0,5333.0,6662619.0,3321230.0,9983849.0,0.6673397203823896,0.3326602796176104,Large
2024-10-19,11491.0,3340.0,6674110.0,3324570.0,9998680.0,0.6674991098825045,0.3325008901174955,Large
2024-10-20,25052.0,16429.0,6699162.0,3340999.0,10040161.0,0.6672365114463802,0.3327634885536198,Large
2024-10-21,52126.0,8560.0,6751288.0,3349559.0,10100847.0,0.6683883044659522,0.3316116955340478,Large
2024-10-22,21542.0,39730.0,6772830.0,3389289.0,10162119.0,0.6664781233126673,0.33352187668733263,Large
2024-10-23,36824.0,7641.0,6809654.0,3396930.0,10206584.0,0.667182477506676,0.3328175224933239,Large
2024-10-24,27071.0,13754.0,6836725.0,3410684.0,10247409.0,0.6671662075750074,0.3328337924249925,Large
2024-10-25,44414.0,11794.0,6881139.0,3422478.0,10303617.0,0.6678372264807592,0.33216277351924084,Large
2024-10-26,21694.0,4781.0,6902833.0,3427259.0,10330092.0,0.6682257040885986,0.3317742959114014,Large
2024-10-27,27130.0,5798.0,6929963.0,3433057.0,10363020.0,0.6687204116174629,0.3312795883825371,Large
2024-10-28,45954.0,11097.0,6975917.0,3444154.0,10420071.0,0.6694692387412715,0.3305307612587285,Large
2024-10-29,46189.0,11350.0,7022106.0,3455504.0,10477610.0,0.6702011241113193,0.32979887588868073,Large
2024-10-30,63800.0,33798.0,7085906.0,3489302.0,10575208.0,0.6700488538854271,0.3299511461145729,Large
2024-10-31,44544.0,34105.0,7130450.0,3523407.0,10653857.0,0.6692834341591032,0.33071656584089687,Large
2024-11-01,21781.0,5699.0,7152231.0,3529106.0,10681337.0,0.6696007250777688,0.3303992749222312,Large
2024-11-02,12545.0,2051.0,7164776.0,3531157.0,10695933.0,0.6698598429889192,0.33014015701108074,Large
2024-11-03,17250.0,2596.0,7182026.0,3533753.0,10715779.0,0.6702290146148031,0.3297709853851969,Large
2024-11-04,19506.0,3672.0,7201532.0,3537425.0,10738957.0,0.6705988300353564,0.3294011699646437,Large
2024-11-05,28926.0,34428.0,7230458.0,3571853.0,10802311.0,0.669343624711416,0.3306563752885841,Large
